18.83,80,100,80,1019,0.89,17.7
18.58,78,99,78,1018,1.34,17.4
18.03,82,99,82,1019,3.55,17.3
17.17,85,15,85,1019,3.35,16.4
16.6,88,8,88,1020,3.18,15.2
18.09,81,5,81,1020,0.45,15.8
18.33,82,4,82,1021,0.89,20.2
20.31,72,5,72,1022,1.79,25.5
21.67,71,1,71,1022,0.89,27.5
22.53,61,1,61,1021,0.89,33.7
23.33,58,0,58,1021,0.89,33.1
24.5,59,0,59,1020,0.45,37.1
24.2,54,0,54,1019,1.79,35.6
24.51,52,0,52,1018,0.45,35.5
22.29,62,0,62,1018,1.34,28.3
21.11,67,0,67,1018,0.89,26
18.89,75,0,75,1018,0.89,19.5
18.33,78,0,78,1019,0.89,18.1
18.58,83,0,83,1019,0.89,17.5
18.02,82,5,82,1019,1.34,16.9
18.27,83,0,83,1019,0.89,16.8
17.71,85,16,85,1018,0.45,16.4
17.17,88,18,88,1018,0.45,16.3
16.86,90,18,90,1018,0.45,15.1
15.66,94,9,94,1019,3.49,14.3
19.01,77,6,77,1019,3.37,14.6
19.19,78,5,78,1019,0.89,19.2
20,77,4,77,1019,1.34,23.4
21.18,70,5,70,1019,0.89,27.2
21.67,71,1,71,1019,0.89,30.6
22.29,68,1,68,1020,1.34,30.5
22.53,69,0,69,1019,1.79,32.2
22.47,70,0,70,1018,1.79,29.8
23.64,66,0,66,1018,0.45,31.6
23.4,62,9,62,1017,1.34,32.1
23.69,57,24,57,1017,0.89,31.7
22.53,54,14,54,1017,1.34,26.9
21.36,68,30,68,1016,0.89,24.9
19.69,78,46,78,1017,0.89,22
18.33,85,32,85,1017,0.45,18.4
18.27,89,1,89,1017,0.89,16.5
18.28,92,18,92,1016,0.89,16.5
18.95,87,3,87,1017,2.86,14.6
19.75,82,2,82,1017,0.89,19.2
20.56,80,1,80,1017,0.45,22.2
21.98,75,6,75,1017,0.45,27
24.51,64,0,64,1017,0.45,33.5
24.88,55,5,55,1014,0.89,34.5
20.31,80,9,80,1013,5.34,23.4
19.69,86,7,86,1013,0.89,20.4
19.38,89,45,89,1013,0.89,18.3
19.38,92,37,92,1013,4.42,18.3
19.14,91,27,91,1012,0.89,18.1
18.82,91,23,91,1012,4.26,17.9
18.83,92,32,92,1011,3.55,17.8
18.28,93,18,93,1011,3.66,16.9
18.57,92,9,92,1012,2.88,17.2
19.44,88,6,88,1012,0.45,17.6
21.11,82,5,82,1013,0.45,19.3
22.22,76,8,76,1014,1.34,23.8
23.09,73,25,73,1014,0.89,26.8
24.19,70,100,70,1013,1.79,27.1
24.75,70,100,70,1013,0.45,30
24.2,68,100,68,1012,0.61,29
24.44,68,100,68,1011,0.89,28.9
22.78,73,100,73,1012,3.7,26
22.78,76,100,76,1011,0.45,24.9
22.22,71,100,71,1011,4.48,24.4
21.05,82,100,82,1012,3.87,22.3
20.74,84,100,84,1013,4.32,21.5
20.75,87,100,87,1013,5,21
18.33,81,100,81,1014,0.89,18.8
18.02,87,100,87,1014,0.89,18.2
17.47,87,85,87,1013,0.89,17.7
17.47,86,93,86,1013,4.71,16.7
14.93,92,98,92,1015,0.45,15.1
15.61,83,78,83,1017,0.89,16.4
18.15,75,64,75,1017,0.45,21.2
20.06,71,53,71,1017,0.89,24.9
21.72,66,0,66,1016,0.89,29
22.22,63,0,63,1016,0.89,31.2
23.09,54,0,54,1016,0.89,32.3
23.64,51,0,51,1016,1.34,33.6
25.07,49,0,49,1016,0.45,34.1
24.68,43,0,43,1015,0.89,33.2
24.14,40,0,40,1015,0.89,31.1
22.47,47,0,47,1016,0.89,26
20.5,56,0,56,1017,0.89,22.2
18.18,65,0,65,1017,4.56,16.9
17.1,79,0,79,1017,5.72,15.8
16.29,86,0,86,1017,5.46,15.1
15.74,88,0,88,1017,4.25,13.9
14.59,91,0,91,1017,3.49,13.1
13.38,95,0,95,1016,2.58,12.5
14.43,90,0,90,1014,0.45,11.7
14.27,80,0,80,1013,0.45,11.3
12.69,89,0,89,1017,1.77,11.2
15.56,78,0,78,1017,1.66,15.5
18.09,70,0,70,1018,2.05,20.9
20.87,58,0,58,1017,0.45,26.4
23.08,49,0,49,1017,0.45,29.8
26.42,33,0,33,1016,0.45,35.7
25.56,32,0,32,1016,1.79,36.2
25.87,32,4,32,1015,0.89,35.5
25.73,46,45,46,1012,0.89,34
23.27,54,37,54,1015,0.89,31.5
21.86,58,56,58,1015,1.79,27.1
19.38,75,44,75,1016,0.45,19.8
18.83,78,36,78,1016,4.2,18.6
18.22,84,0,84,1017,4.48,17.7
18.19,82,0,82,1016,4.53,16.5
17.59,86,0,86,1016,4.14,15.8
16.74,90,0,90,1016,3.71,15.3
16.15,92,0,92,1015,3.36,14.9
18.34,63,0,63,1013,3.23,14.4
15.88,91,0,91,1016,3.36,14.5
17.42,63,16,63,1030,3.49,14.5
17.96,72,12,72,1016,0.89,14.8
20.31,61,12,61,1016,1.79,18.6
21.42,49,10,49,1017,1.79,22.4
22.41,50,10,50,1017,0.89,27.7
24.19,47,35,47,1016,1.34,28.2
24.2,47,46,47,1016,0.45,30.5
24.44,48,44,48,1016,0.45,32.1
25.56,46,37,46,1015,0.89,33
24.75,45,0,45,1014,0.89,31.5
24.13,47,0,47,1013,1.79,29.3
23.33,53,1,53,1013,0.89,27.1
22.17,59,1,59,1014,0.45,24.1
21.91,60,10,60,1014,0.89,21.1
21.67,65,19,65,1014,0.45,19.8
21.36,74,43,74,1015,0.45,19.1
20.8,82,42,82,1015,0.14,19.7
20.75,79,48,79,1014,2.34,18.5
20.42,71,41,71,1014,1.77,17.9
19.88,72,42,72,1013,1.33,17.2
17.97,81,21,81,1013,1.36,16.1
16.7,91,16,91,1014,0.89,15.2
16.61,93,75,93,1012,4.1,16
17.22,92,10,92,1015,0.45,16.8
18.95,85,8,85,1015,0.45,18.8
21.79,71,20,71,1015,0.89,23.8
24.5,63,0,63,1015,0.89,29.3
25.31,56,25,56,1014,1.79,32.3
25.25,51,93,51,1014,0.89,30.6
22.97,54,98,54,1015,1.34,25.3
20.5,69,98,69,1016,1.34,22.1
18.82,77,84,77,1018,0.89,19.2
17.78,78,70,78,1019,6.24,17.3
16.6,82,0,82,1020,5.53,15.5
15.99,83,0,83,1020,5.04,14.8
15.44,84,0,84,1020,4.5,14.2
14.33,87,0,87,1020,4.14,12.8
13.72,90,0,90,1020,3.91,12.2
12.57,92,0,92,1020,3.62,11.7
17.78,70,0,70,1021,0.45,14.8
19.75,62,0,62,1022,0.89,19.4
21.42,56,0,56,1022,0.89,24.2
22.53,49,0,49,1022,0.89,28.9
22.84,48,0,48,1021,1.34,31.1
23.4,43,0,43,1021,0.45,32.6
22.22,62,0,62,1021,1.79,30
21.05,63,0,63,1021,1.34,33.9
21.67,60,11,60,1020,1.79,29.2
21.11,59,35,59,1020,0.89,27.4
19.69,63,41,63,1020,0.89,25.6
17.22,68,24,68,1021,0.89,18.5
16.67,74,20,74,1022,5.5,16.5
15.75,81,0,81,1022,5.13,15.7
14.33,88,10,88,1021,3.55,13.5
14.82,76,19,76,1018,0.89,12.8
14.02,91,20,91,1021,2.99,12.1
14.66,77,1,77,1018,3.04,11.4
15.39,72,3,72,1018,0.45,11.4
15.63,88,2,88,1021,2.51,12.8
19.19,75,2,75,1022,1.79,18.2
20.31,70,1,70,1022,0.89,22.9
21.67,62,0,62,1022,1.34,29.3
22.78,52,0,52,1021,1.79,26.4
23.64,45,0,45,1021,0.89,28.1
24.2,47,0,47,1020,0.89,32
24.51,45,0,45,1019,0.89,32.7
24.75,43,0,43,1019,1.34,32.7
23.95,46,0,46,1018,2.68,29.7
22.78,53,0,53,1018,1.79,28.7
21.36,64,0,64,1018,0.89,25
20,71,0,71,1018,1.34,21.1
19.69,74,0,74,1018,0.89,19
19.69,75,0,75,1019,0.89,17.9
19.69,75,0,75,1019,0.89,17
19.69,74,0,74,1019,0.89,17
19.69,73,0,73,1018,0.89,16.8
19.13,74,0,74,1018,0.89,17.4
18.82,77,0,77,1018,0.89,17.3
18.28,79,0,79,1018,0.89,16.8
17.71,81,0,81,1019,4.91,16
17.4,85,0,85,1019,4.6,16
18.33,80,0,80,1019,0.89,16.6
19.75,74,0,74,1020,0.89,19.9
21.67,67,0,67,1020,1.79,25.8
23.33,62,0,62,1019,1.79,29
25,56,0,56,1019,0.89,30.1
23.39,72,40,72,1016,5.1,32.2
25.56,46,0,46,1018,0.89,32.9
26.49,36,0,36,1017,3.85,29.9
25,44,0,44,1017,0.89,28
23.89,52,0,52,1017,0.89,26.2
22.47,69,7,69,1018,0.89,23.9
21.91,68,25,68,1018,0.45,21.2
21.36,69,38,69,1019,0.89,19.9
21.05,72,100,72,1019,0.89,18.6
20.8,72,24,72,1019,0.89,18.4
20.19,77,17,77,1019,0.45,18.1
19.93,78,13,78,1019,0.45,17.8
19.63,74,19,74,1019,0.89,17.2
19.08,75,16,75,1019,0.45,16.8
18.51,76,0,76,1020,0.89,16.7
18.28,78,0,78,1021,4.19,16.6
19.38,77,0,77,1021,0.89,18.5
20.86,68,0,68,1021,0.89,22.2
22.54,65,0,65,1021,1.79,25.8
23.95,61,0,61,1022,0.89,30.9
25.62,51,0,51,1021,0.89,32.2
26.67,46,0,46,1020,1.79,33.8
27.78,35,0,35,1020,1.34,34.5
27.78,35,0,35,1019,1.34,34.5
28.08,34,0,34,1019,1.34,34.7
27.84,35,0,35,1018,1.34,32.7
23.33,59,0,59,1018,1.34,25.2
21.92,64,0,64,1019,0.89,20.6
21.36,68,1,68,1017,0.89,19.3
19.06,77,0,77,1018,6.34,17.7
20.56,69,0,69,1019,1.34,19.9
21.73,64,0,64,1018,1.34,22.3
28.33,38,2,38,1015,2.24,34.8
30.69,28,0,28,1012,0.89,34.5
23.71,59,0,59,1026,5.96,20.1
23.64,62,0,62,1012,0.89,20.4
22.78,74,99,74,1011,0.89,21.7
26.48,53,51,53,1008,5.81,26.9
23.28,66,69,66,1011,1.79,24.4
19.69,95,100,95,1011,0.89,19.6
19.69,97,100,97,1011,2.45,20.1
19.69,97,100,97,1011,0.89,19.8
20,97,100,97,1012,1.79,21.8
20.86,94,100,94,1012,0.89,22.9
23.89,82,85,82,1011,0.89,28.7
21.6,94,30,94,1011,1.87,22.9
21.31,95,13,95,1011,1.87,21.8
22.41,83,0,83,1026,2.25,21.2
20.44,97,0,97,1012,2.37,20.6
20.19,98,0,98,1011,2.53,19.4
21.11,91,0,91,1010,3.13,19
19.31,89,0,89,1014,0.89,19.2
16.92,64,0,64,1018,0.89,16.7
19.19,36,0,36,1019,1.34,21.2
20.56,30,0,30,1019,1.34,24.4
21.43,30,0,30,1019,0.89,27.8
24.44,31,0,31,1018,0.89,34
24.44,29,0,29,1018,0.89,33.3
24.93,32,0,32,1018,0.45,32.3
24.07,31,0,31,1018,0.89,30
20.98,43,0,43,1019,0.98,23.5
19.63,44,0,44,1017,0.89,17.8
18.9,49,0,49,1017,3.65,16.2
18.52,61,0,61,1018,3.91,14.2
18.53,59,0,59,1017,0.45,13.5
17.97,50,0,50,1033,4.74,13.1
17.78,56,0,56,1016,4.46,12.6
18.34,50,0,50,1033,4.12,12
18.33,60,0,60,1017,0.45,11.5
17.47,61,0,61,1021,0.45,12.3
18.09,58,0,58,1021,1.34,17.1
19.44,57,0,57,1021,2.68,20.4
24.44,47,0,47,1020,1.79,31.1
25.56,45,0,45,1018,1.79,32.8
26.67,45,0,45,1018,1.34,32.8
26.97,46,0,46,1017,0.89,34.3
27.61,42,0,42,1015,0.89,34
27.73,40,0,40,1014,3.05,33.2
27.59,46,0,46,1014,0.89,32.3
26.98,48,0,48,1014,0.45,30.3
24.75,55,0,55,1014,5,27.2
23.33,69,0,69,1014,4.87,23.6
23.33,75,0,75,1015,0.45,21.8
24.2,68,0,68,1015,5.28,21.4
24.44,59,0,59,1015,6,20.7
25,59,0,59,1015,0.89,21.2
24.22,58,0,58,1015,5.88,23.1
23.58,73,0,73,1015,1.34,22.9
23.02,77,45,77,1015,1.34,22.5
22.16,80,0,80,1014,5.81,21.6
21.91,82,16,82,1015,0.89,21.4
22.53,78,21,78,1015,1.79,21.2
23.09,78,26,78,1014,0.89,23.4
23.39,76,34,76,1015,1.79,26
24.2,76,0,76,1015,0.89,28.5
25,73,0,73,1014,4.05,29.3
26.09,58,0,58,1011,6.2,28.8
24.63,54,75,54,1011,14.4,25.4
26.84,47,58,47,1011,2.58,22.7
20.95,88,90,88,1014,5.1,20.7
22.29,88,75,88,1006,7.7,23.3
23.35,60,75,60,1005,4.1,25.4
22.82,73,75,73,1007,4.1,24.6
21.99,73,75,73,1007,3.6,24.6
20.3,82,75,82,1007,4.6,22.9
20.46,82,0,82,1008,4.1,20.9
19.46,82,0,82,1009,2.6,19.8
19.46,93,0,93,1009,3.1,18.4
18.93,93,0,93,1009,3.1,18.2
18.69,93,72,93,1009,2.1,17.8
19.76,88,63,88,1009,3.7,17.9
18.52,96,42,96,1010,0.89,17.7
18.27,95,35,95,1010,4.25,17.7
17.78,96,0,96,1010,0.89,17.6
17.72,97,0,97,1011,4.37,17.3
18.39,89,0,89,1010,4.1,18.2
21.18,83,0,83,1011,0.89,20.3
23.94,75,0,75,1012,0.45,24.3
26.19,67,0,67,1012,0.89,28.6
28.7,59,0,59,1012,0.45,33.1
29.5,54,0,54,1012,0.89,35.7
29.5,47,0,47,1011,3.47,38
32.29,41,0,41,1012,0.89,39.5
32.84,39,0,39,1012,0.89,40.4
32.78,37,0,37,1011,0.89,39.7
32.2,34,5,34,1010,4.25,37.7
30.25,43,11,43,1012,0.89,34.2
30.49,38,18,38,1011,6.4,30.8
26.42,48,37,48,1012,6.84,27.5
22.71,53,64,53,1017,2.68,24.5
20.73,53,70,53,1019,0.89,19.9
19.38,55,100,55,1020,0.89,19.3
18.58,57,100,57,1021,0.89,18.1
16.84,61,94,61,1021,0.89,16.6
15.17,65,95,65,1021,0.89,15.1
13.82,71,76,71,1021,0.45,13.6
13.73,59,70,59,1021,6.77,11.8
11.91,74,0,74,1022,0.89,11.5
11.05,77,0,77,1022,0.45,11
12.29,71,0,71,1022,5.76,11.8
13.95,64,0,64,1023,0.89,15.5
15.86,59,0,59,1023,0.89,19
17.54,51,0,51,1023,0.45,25.7
19.75,42,0,42,1023,0.89,27.2
19.73,38,0,38,1022,3.57,30.6
21.43,38,0,38,1023,1.79,32.6
21.11,52,0,52,1022,1.79,33.7
21.44,46,0,46,1021,5.45,32.7
21.67,47,0,47,1021,1.79,30.1
21.36,46,0,46,1020,0.89,28.6
20.8,51,0,51,1020,2.24,27.2
20.21,49,0,49,1019,5.69,23.4
18.02,58,0,58,1020,0.89,19.6
16.91,60,0,60,1020,0.45,16.9
16.73,62,0,62,1019,5.97,15
16.55,64,0,64,1019,6.44,14.7
15.5,75,0,75,1021,5.88,13.9
14.93,78,0,78,1020,5.38,13.6
15.04,85,0,85,1019,5.36,13.1
16.05,74,0,74,1019,0.89,13.1
16.05,76,0,76,1019,0.89,12.4
16.05,79,0,79,1019,0.89,12.1
15.81,80,0,80,1018,0.89,11.9
16.73,76,0,76,1019,1.34,13.1
16.83,73,0,73,1018,4.47,17.9
19.14,69,0,69,1019,1.79,21.3
20.56,67,0,67,1018,1.34,26.4
22.22,64,0,64,1018,0.89,27.5
23.7,59,49,59,1017,0.89,29.5
24.2,56,45,56,1016,0.89,31.8
25.06,54,35,54,1015,1.79,34.3
26.48,49,0,49,1015,1.34,35.6
26.98,48,0,48,1014,1.79,34.9
27.6,35,0,35,1013,0.89,33.6
26.73,49,0,49,1012,0.45,31.6
25.25,57,0,57,1012,0.45,29
22.78,70,0,70,1012,0.89,25.7
21.91,80,0,80,1012,0.89,22.6
21.26,84,0,84,1012,4.89,20.4
21.05,87,0,87,1012,4.74,20.2
20.44,92,0,92,1012,3.96,19.9
19.79,95,0,95,1012,3.76,18.8
20.93,85,0,85,1009,3.56,18.2
20.74,85,0,85,1009,3.47,17.6
20.2,78,2,78,1025,3.15,16.7
19.82,84,4,84,1008,3.55,16.4
19.82,82,2,82,1008,3.5,16.4
20.8,87,1,87,1012,0.89,17.5
22.22,79,1,79,1012,0.45,21.6
23.89,72,1,72,1011,1.34,24.7
24.76,67,46,67,1011,1.34,28.7
26.18,62,98,62,1010,0.89,27.5
27.34,57,99,57,1010,0.89,32
27.61,58,99,58,1010,0.89,34
28.64,51,99,51,1008,0.45,33.1
28.08,56,96,56,1008,0.89,31.9
26.74,60,99,60,1007,0.89,29.6
24.44,74,100,74,1006,0.89,29.1
25.31,64,100,64,1006,3.77,26.4
20.31,88,100,88,1008,0.89,24.1
20.56,93,100,93,1009,0.45,22.7
20.25,95,100,95,1009,2.24,21.8
19.69,96,100,96,1011,0.45,21.1
20.19,87,100,87,1010,2.85,20.2
19.35,88,100,88,1009,4.57,18.8
18.02,97,100,97,1009,2.14,18.8
17.16,98,100,98,1009,2.34,18.4
16.6,98,100,98,1009,0.45,17.6
16.36,98,94,98,1009,5.11,17.1
16.05,98,78,98,1009,4.28,16.9
15.18,93,58,93,1009,0.45,16.3
15.8,81,53,81,1009,3.35,15.4
18.09,65,42,65,1009,0.45,18.4
20,55,34,55,1010,0.89,22.3
22.29,46,35,46,1009,0.45,29.2
22.46,36,18,36,1009,3.97,31.2
26.17,36,0,36,1010,0.45,34
27.3,30,0,30,1010,0.45,36
27.47,29,0,29,1010,0.45,38
27.83,25,0,25,1010,0.89,39.2
28.15,28,0,28,1009,1.07,36.7
26.3,39,0,39,1009,0.89,36.1
24.69,41,0,41,1009,1.79,32.5
24.92,36,0,36,1008,3.46,25.9
22.71,47,3,47,1011,3.22,23.4
21.85,59,8,59,1012,0.45,22.2
22.02,66,27,66,1013,4.43,20.1
21.16,66,84,66,1013,4.16,20
21.08,61,87,61,1013,3.04,18.7
20.04,74,88,74,1015,0.45,18
18.38,77,86,77,1016,0.45,17.5
16.36,82,69,82,1017,0.89,16.3
16.36,81,75,81,1018,0.45,15.8
14.63,82,55,82,1019,0.89,15.1
13.82,83,61,83,1020,0.45,14.2
14.44,77,44,77,1021,0.89,13.8
15.87,64,33,64,1022,0.45,15.7
17.78,45,26,45,1023,1.34,19.3
18.89,43,17,43,1023,0.89,25.3
19.44,43,72,43,1023,0.89,25.3
20,41,67,41,1024,0.89,26.7
20.18,35,72,35,1023,6.18,27
19.72,48,20,48,1021,9.3,26.7
20.25,43,80,43,1023,1.34,27.2
19.68,42,78,42,1024,1.79,25.6
20.8,39,48,39,1024,0.89,24.5
19.69,42,74,42,1024,0.89,24.4
19.13,42,83,42,1024,1.79,23.3
18.02,43,87,43,1025,5.69,21.2
17.16,63,100,63,1026,1.34,17.6
15.8,66,100,66,1027,0.89,15.8
15.25,70,100,70,1027,0.45,14.7
14.38,71,100,71,1028,0.45,13.7
13.82,74,89,74,1028,4.63,12.8
13.27,76,68,76,1028,0.89,12
12.09,83,55,83,1027,0.45,11.2
11.29,77,41,77,1028,4.24,10.6
10.74,75,0,75,1028,4.17,9.9
10.75,71,0,71,1028,0.89,9.2
11.91,64,0,64,1029,0.89,9.1
13.95,57,0,57,1029,0.89,12.6
16.17,52,0,52,1029,0.89,16.6
18.08,45,0,45,1030,2.92,20.8
18.64,45,0,45,1029,0.45,24.9
19.75,41,0,41,1029,0.89,28.9
19.68,34,0,34,1028,0.93,32
20.62,39,0,39,1028,0.89,34.4
21.18,36,0,36,1027,0.89,34.2
20.31,49,0,49,1026,1.34,34.1
19.69,52,0,52,1026,1.79,32.3
19.44,53,0,53,1026,0.89,27.7
18.27,57,0,57,1026,1.79,24.2
16.91,61,0,61,1027,1.79,21
15.56,63,0,63,1027,0.45,17.1
15.57,61,0,61,1026,5.17,14.8
14.44,69,0,69,1027,4.86,13.6
14.81,69,0,69,1024,0.45,12.8
14.85,65,0,65,1024,3.89,11.7
14.65,63,0,63,1025,3.57,11
13.68,81,0,81,1023,1,10.7
13.9,72,0,72,1039,1.34,10.3
13.91,68,0,68,1022,2.95,9.9
13.72,72,0,72,1022,2.68,9.7
15.93,69,0,69,1039,0.45,10
16.98,72,0,72,1026,0.89,15
18.08,68,0,68,1026,0.89,20.1
19.52,63,0,63,1025,0.89,24.4
19.28,53,0,53,1025,2.25,27.2
21.67,48,0,48,1024,0.89,30.9
22.78,44,0,44,1024,0.89,32.8
23.89,41,0,41,1023,1.34,34.7
22.78,38,0,38,1023,1.34,35.6
22.23,36,0,36,1022,5.22,34
23.33,27,0,27,1022,1.79,31.2
22.53,27,0,27,1022,0.89,29.1
21.54,33,0,33,1021,5.48,26.5
19.44,50,0,50,1022,0.89,22.5
18.58,49,0,49,1021,4.62,18.6
17.22,64,0,64,1022,0.45,16.5
16.91,72,0,72,1023,4.34,15.3
16.56,81,0,81,1023,4.24,14.6
16.77,85,0,85,1022,4.21,14.1
17.71,79,0,79,1021,0.45,14.3
17.71,73,0,73,1021,0.45,13.7
17.4,76,0,76,1021,0.45,14.2
16.54,80,0,80,1021,3.87,14.5
16.37,77,0,77,1021,3.7,14.3
18.03,75,0,75,1022,0.45,14.8
19.2,69,0,69,1022,0.89,18.6
20.86,65,0,65,1022,0.89,22.5
21.73,60,0,60,1022,0.89,25.8
23.16,56,0,56,1022,0.45,28.7
23.89,57,0,57,1021,0.89,31.8
23.89,47,0,47,1021,1.79,33.5
24.44,40,0,40,1021,1.79,35
25.56,34,0,34,1020,0.89,35
25.87,35,10,35,1019,0.89,33.9
25.31,36,65,36,1019,0.89,33.4
25.06,41,69,41,1018,0.89,31.4
23.33,53,69,53,1018,0.89,28.5
20.8,70,62,70,1018,1.79,24
20,73,57,73,1018,1.34,20.6
19.68,72,52,72,1018,6.23,18.9
20.25,80,0,80,1019,0.45,18.2
19.82,77,0,77,1019,5.51,17.9
19.69,82,0,82,1019,5.81,17.8
19.93,74,0,74,1018,0.89,17.3
19.13,77,5,77,1018,0.89,17.7
18.27,83,12,83,1019,4.99,17.5
18.14,78,11,78,1018,4.55,16.7
17.41,89,5,89,1019,0.45,16.4
18.89,82,5,82,1020,0.89,17.1
20.31,76,4,76,1020,0.89,20.5
21.67,74,15,74,1020,0.89,24
21.25,68,14,68,1019,3.57,28
22.05,60,4,60,1018,3.16,30.9
25.06,58,11,58,1019,0.89,33.8
25.87,47,29,47,1019,1.34,36.3
26.67,43,22,43,1018,0.45,36.9
25.81,35,18,35,1018,0.89,35.5
27.22,34,11,34,1017,0.89,35
26.98,39,86,39,1016,1.79,35.1
25.93,47,92,47,1016,0.89,32.9
24.44,60,85,60,1016,0.89,28.4
22.53,68,64,68,1017,0.45,26.3
21.36,77,51,77,1017,1.34,22.4
20.95,74,47,74,1016,4.9,20.4
20.24,84,0,84,1018,4.53,19.4
20.22,85,0,85,1018,4.63,18.7
19.69,88,0,88,1018,5.32,18.4
19.38,92,0,92,1017,4.67,18.1
18.76,95,0,95,1016,4.05,18.2
18.44,96,0,96,1016,3.56,17.7
20.28,83,0,83,1013,2.1,17.3
18.78,97,0,97,1016,0.45,17.4
20.49,87,0,87,1017,0.45,18.8
22.53,77,3,77,1018,1.79,22.2
23.42,71,3,71,1018,1.79,26.6
24.76,68,3,68,1018,1.34,30
25.87,63,41,63,1018,1.79,33.5
26.97,62,21,62,1018,1.34,36.8
27.78,60,14,60,1018,0.89,38.4
28.09,60,11,60,1017,0.89,31.3
29.75,50,8,50,1016,1.34,38.5
30.87,43,1,43,1015,0.89,38.7
31.11,37,1,37,1013,3.69,36.6
31.67,31,0,31,1014,0.89,35.2
31.04,31,0,31,1012,4.1,32
29.87,45,75,45,1011,2.6,30.9
26.05,56,18,56,1014,1.81,26.3
24.8,63,0,63,1014,3.7,24.1
25.27,55,0,55,1013,3.91,22.3
23.22,79,32,79,1014,3.9,22
22.88,80,54,80,1013,2.54,22
22.89,77,46,77,1013,1.3,20.8
22.71,69,41,69,1012,0.44,19.8
20.91,88,0,88,1013,1.14,18.7
22.97,77,0,77,1009,2.01,18.1
22.49,71,0,71,1009,3.26,18
22.33,85,0,85,1013,3.76,19.4
24.31,75,0,75,1013,4.37,21.1
26.72,61,0,61,1014,0.89,27.7
28.4,51,0,51,1013,0.89,32
27.78,46,0,46,1012,5.23,35.1
29.75,46,0,46,1012,0.89,37.2
31.19,41,0,41,1010,2.68,38.6
31.2,34,0,34,1009,5.8,40
30.86,47,0,47,1008,0.89,35.5
31.8,36,0,36,1007,5.71,38.4
31.18,52,0,52,1005,5.11,38.2
30.31,52,0,52,1004,1.34,35.7
31.34,39,0,39,1003,5.11,34.7
31.16,35,0,35,1002,5.9,29.4
31.07,66,0,66,1000,6.5,27.6
27.65,61,0,61,1003,0.89,25.6
28.19,50,0,50,1003,7.14,25.9
27.95,46,0,46,1002,7.14,26.5
27.48,45,11,45,1002,7.8,26.4
25.73,64,31,64,1003,0.45,25
25.8,59,45,59,1005,0.45,24.7
25.98,61,36,61,1006,4.93,23.7
22.78,71,1,71,1006,4.66,23
23.33,68,51,68,1007,0.89,23
23.27,72,67,72,1008,6.75,22.8
23.02,69,75,69,1009,1.79,22.6
20.5,72,80,72,1010,1.34,22.3
19.35,64,75,64,1006,7.2,19.1
17.76,68,75,68,1008,9.3,18.1
18.9,62,87,62,1008,6.09,24.1
22.84,41,95,41,1007,5.4,27.4
24.61,32,100,32,1009,0.45,36.1
27.22,26,100,26,1009,1.34,36
27.96,22,92,22,1008,5.77,34.6
27.78,27,0,27,1009,0.45,33.9
28.05,22,0,22,1008,5.57,31.2
27.22,25,0,25,1009,0.89,30.1
23.33,34,0,34,1009,4.2,24.9
24.47,27,0,27,1008,3.75,22.3
22.28,43,0,43,1008,0.5,18.3
22.84,32,0,32,1008,4.34,16.9
22.52,26,0,26,1009,3.8,15.5
18.79,67,0,67,1009,1,15.4
18.81,71,0,71,1009,1,14.2
18,76,0,76,1009,0.5,14
16.87,81,0,81,1008,0.5,12.7
16.96,76,0,76,1008,1,12.6
16.14,81,0,81,1009,0.5,11.7
18.86,81,0,81,1009,0.5,12.5
22.78,54,0,54,1011,1.52,20.7
24.44,38,0,38,1011,1.79,24
25,40,0,40,1011,1.79,29.9
25.56,46,0,46,1011,1.79,30.7
27.78,38,0,38,1011,1.34,33.8
27.96,28,0,28,1010,3.65,34.6
28.85,21,0,21,1008,3.92,34.8
30.56,29,0,29,1008,0.89,35.2
30,29,24,29,1007,0.89,35.1
30.73,23,61,23,1006,2.52,34.1
30,35,100,35,1005,0.45,33.8
27.22,48,100,48,1004,0.89,32
26.11,57,98,57,1004,0.89,27.5
24.44,71,85,71,1006,4.99,25.4
22.78,79,92,79,1007,4.8,22.6
22.22,86,87,86,1007,2.77,21.8
22.14,75,90,75,1006,0.93,21.5
22.04,73,94,73,1005,1.84,21.7
22.78,69,97,69,1007,0.45,21.5
22.22,75,97,75,1007,0.45,21.7
20.56,79,98,79,1008,0.89,19.2
15.56,92,100,92,1010,0.89,18.1
15,89,100,89,1010,0.89,16.1
15.86,81,100,81,1009,7.16,15.8
15.2,100,90,100,1009,12.9,15.9
15.7,93,90,93,1008,7.7,16
18.89,81,92,81,1012,4.59,22.3
21.67,71,42,71,1013,3.09,25.9
20.56,70,71,70,1013,2.21,24.1
21.49,56,75,56,1012,1.54,23.8
21.67,59,85,59,1013,0.89,27.7
23.33,50,88,50,1014,1.79,29.9
24.44,45,74,45,1013,1.79,31.6
23.33,49,100,49,1013,1.34,28.3
23.33,43,65,43,1013,0.89,26.9
23.89,33,44,33,1013,0.89,26.2
20.56,55,33,55,1014,0.45,21.6
21.48,40,0,40,1012,2.1,20
19.44,59,0,59,1013,1,16.7
18.56,63,0,63,1013,2.47,15.8
17.48,67,0,67,1014,1,14.4
17.08,67,0,67,1013,1.5,14.3
15.84,76,0,76,1013,3.95,13.6
16.7,72,0,72,1013,3.77,13.2
15.35,87,0,87,1012,1,13.1
15.07,87,0,87,1012,1,13.4
17.08,77,0,77,1011,3.6,14.3
17.78,79,0,79,1014,0.45,15.2
20,67,0,67,1014,0.89,21
21.67,58,0,58,1014,1.79,23
21.59,53,0,53,1013,7.31,27.6
22.78,52,0,52,1012,3.58,28.7
23.89,52,0,52,1012,2.68,33.9
25.07,35,0,35,1011,6.84,34.2
25.52,38,0,38,1008,7.2,26.4
25.56,39,0,39,1009,2.24,28.8
26.67,36,0,36,1008,2.68,34.7
26.67,38,0,38,1007,1.79,34.1
26.67,39,0,39,1006,2.24,30.4
26.11,40,0,40,1006,2.68,29.2
24.44,48,0,48,1006,1.79,24.3
25.21,39,0,39,1004,8.03,22.7
24.8,36,0,36,1004,3.6,20.5
22.22,66,0,66,1007,1.79,20.3
22.22,63,0,63,1007,1.34,20.5
21.11,61,0,61,1009,7.23,20.1
20.56,60,0,60,1009,0.89,18.5
20.56,63,12,63,1009,0.45,18.1
19.44,66,29,66,1009,4.41,17.3
18.33,73,100,73,1009,4.07,17.5
17.78,76,100,76,1010,3.18,18.1
18.33,73,99,73,1010,0.89,18.1
18.89,71,100,71,1012,0.89,18.9
17.78,81,96,81,1013,1.34,19.1
18.66,77,75,77,1009,5.1,19.2
20.05,59,87,59,1010,5.65,19.8
21.8,46,95,46,1011,5.01,23.5
22.27,41,98,41,1012,5.63,24
22.51,41,100,41,1012,6.43,29.3
22.97,41,100,41,1012,6.75,28.9
22.22,47,100,47,1014,1.79,30.6
21.67,46,92,46,1014,0.89,29
21.11,44,93,44,1014,0.89,25.8
20,46,78,46,1015,1.79,24.2
17.78,55,69,55,1016,0.45,18.6
16.67,57,58,57,1016,0.89,17.2
16.67,59,35,59,1017,0.89,14.9
16.67,61,0,61,1018,0.89,14.4
16.51,63,0,63,1017,6.46,13.4
16.67,65,0,65,1018,0.89,13.2
16.67,67,0,67,1018,1.34,12.9
16.11,67,0,67,1017,0.89,13
16.27,65,0,65,1017,5.45,12.3
14.44,76,0,76,1018,4.87,11.8
16,77,0,77,1015,2.6,11
17.78,62,0,62,1017,0.45,12.3
20,55,0,55,1018,0.45,20.3
21.11,51,0,51,1018,1.34,22.9
21.67,47,0,47,1018,1.79,28.2
22.78,45,0,45,1019,1.79,29.9
23.33,38,0,38,1018,1.34,33.6
25,26,0,26,1018,2.24,33.6
25.14,25,0,25,1017,2.76,36.7
25.74,22,0,22,1016,3.16,38.4
28.89,19,0,19,1017,0.45,37
27.78,27,0,27,1016,0.89,36
27.78,24,0,24,1015,2.33,32.5
26.67,25,0,25,1015,3.2,30.7
23.33,45,0,45,1016,0.89,23.1
21.11,54,0,54,1016,0.89,21.2
21.17,52,0,52,1015,5.57,17.6
21.48,49,0,49,1014,6.33,16.8
20.8,64,0,64,1015,3.1,15.6
21.06,54,0,54,1015,6.51,15.3
21.18,53,0,53,1015,6.9,13.8
19.32,72,0,72,1014,2.6,13.5
19.44,87,0,87,1016,1.79,13.4
20,89,0,89,1016,0.89,13.5
20.06,85,0,85,1015,5.79,13.3
20.56,86,0,86,1017,0.45,13.8
22.22,82,0,82,1017,1.34,18.3
22.78,78,3,78,1017,0.89,23.7
23.89,76,7,76,1017,1.34,27.3
25.56,71,15,71,1016,1.79,30.2
27.22,62,7,62,1015,0.89,34
28.33,52,5,52,1015,1.34,37.4
30.56,36,4,36,1014,1.79,38.7
30.41,28,4,28,1013,2.67,40.9
31.67,40,14,40,1012,1.34,40.7
31.11,39,0,39,1012,1.79,38.8
31.11,25,0,25,1011,0.89,36.4
30.83,22,0,22,1010,3.78,34.2
29.06,24,0,24,1009,5.29,30.8
23.33,74,0,74,1011,0.45,26
23.67,67,0,67,1010,5.52,23.1
23.93,63,0,63,1010,5.56,21.4
24.25,59,0,59,1010,6.13,20.5
23.52,69,0,69,1009,3.1,19.5
23.32,69,0,69,1009,2.6,19.3
23.1,66,0,66,1009,3.88,19.3
23.27,59,0,59,1009,5.14,18.5
20.52,82,0,82,1007,0.5,17.6
21.59,68,0,68,1007,6.16,17
20.56,92,0,92,1011,5.73,17.4
23.33,76,0,76,1011,0.45,21.1
25.56,68,0,68,1011,0.89,25.1
27.22,60,17,60,1011,0.89,28.5
28.89,47,19,47,1010,2.24,32.4
28.79,43,31,43,1009,4.43,35.4
30.01,35,53,35,1008,4.43,38.5
31.19,28,69,28,1006,4.22,38.4
31.85,25,78,25,1004,3.91,35
31.67,36,86,36,1006,1.79,34
32.22,36,100,36,1005,0.89,33.9
32.22,35,60,35,1004,0.89,36.1
30.56,38,55,38,1003,0.89,32.9
28.33,47,43,47,1003,0.89,30.2
27.39,49,40,49,1002,6.83,27
26.11,63,47,63,1003,0.45,25.1
26.11,61,0,61,1003,0.89,24.4
25,65,38,65,1002,0.45,23.7
25.15,58,46,58,1002,4.71,23
23.33,75,66,75,1002,5.73,22.6
20.56,88,73,88,1003,0.89,22.1
20.32,93,90,93,998,7.2,21.1
20,89,100,89,999,9.39,20.3
21.11,81,100,81,999,6.65,19.9
20,93,100,93,999,0.45,19.8
21.67,90,100,90,1000,0.89,20.7
23.33,76,100,76,1000,1.79,23.5
23.61,70,98,70,1000,6.91,26.1
22.42,68,100,68,1000,8.87,25.2
24.55,78,75,78,998,11.3,32.1
25.65,61,20,61,997,7.7,34.6
26,50,20,50,997,9.3,35.6
26.48,47,20,47,997,13.9,34.6
25.19,43,38,43,997,4.92,31.4
25.11,40,19,40,997,13.89,30.3
21.67,53,0,53,999,10.28,27.3
20.56,57,0,57,1000,1.79,22.7
20.19,57,39,57,1018,3.58,19.6
19.44,54,4,54,1002,3.13,18.3
18.52,55,54,55,1003,0.45,17.8
18.15,59,97,59,1020,1.79,16.6
17.04,60,48,60,1005,1.79,15.7
16.3,61,32,61,1006,1.34,14.6
15.56,65,24,65,1023,2.24,14.1
14.81,65,17,65,1006,0.89,13.1
14.26,66,14,66,1007,1.79,12.3
13.71,70,0,70,1024,1.79,11.6
13.5,68,0,68,1016,7.78,11.3
13.14,70,0,70,1009,0.45,11.5
13.47,66,0,66,1009,8.15,14
16.12,62,0,62,1026,2.68,17.1
17.4,54,0,54,1009,1.79,17.7
18.33,48,0,48,1010,6.71,19.6
19.34,42,0,42,1010,7,20.4
19.3,52,75,52,1010,5.1,21.5
20.64,48,40,48,1011,7.7,25.3
22.29,39,0,39,1013,1.34,24.6
23.89,38,0,38,1014,0.89,25.2
24.52,32,0,32,1012,6.14,22.6
24.72,27,0,27,1011,7.04,22.8
24.22,26,0,26,1010,6.83,25
23.27,28,0,28,1011,6.41,21.2
20,43,0,43,1012,5.34,18.2
20,38,0,38,1012,5.36,16.8
19.05,37,0,37,1014,5.57,13.7
16.86,52,0,52,1015,5.13,12.2
15.75,57,0,57,1014,4.91,11.4
14.99,59,0,59,1014,3.17,10.5
14.26,62,0,62,1014,2.99,9.4
13.51,64,0,64,1014,0.45,9.2
13.17,59,0,59,1014,2.85,8.1
12.42,65,0,65,1015,2.61,7.6
13.51,65,0,65,1016,2.37,9
13.32,59,0,59,1016,2.55,12.4
14.59,50,0,50,1018,2.98,18.6
20.06,47,0,47,1020,3.13,22
21.98,40,0,40,1020,3.66,25.2
22.3,34,0,34,1019,4.1,27.4
24.24,28,0,28,1018,4.22,30.3
25.75,32,0,32,1018,0.89,32
26.36,31,0,31,1018,1.34,32.9
26.44,43,20,43,1016,4.1,33.2
25.76,23,0,23,1015,1.79,32.8
25.17,29,0,29,1015,5.76,32.1
22.17,60,0,60,1018,0.45,29.6
21.76,53,0,53,1016,6.02,23
20.81,51,0,51,1016,5.91,19.9
19.48,54,0,54,1015,6.37,18.3
18.91,58,0,58,1016,6.64,17.4
18.16,85,0,85,1019,5.91,16.9
18.47,80,0,80,1019,4.81,16.7
18.73,69,0,69,1018,3.75,16.2
18.81,60,0,60,1017,3.46,15.9
19.43,74,0,74,1015,3.5,15
19.08,61,0,61,1032,2.24,14.8
17.89,81,0,81,1018,3.41,15
18.27,68,0,68,1018,3.52,16.3
21.18,61,0,61,1019,0.89,20.9
21.45,51,0,51,1018,4.09,26.1
25.56,45,0,45,1019,1.34,30
25.33,37,0,37,1018,4.52,33.2
26.73,44,0,44,1018,1.79,36.5
28.39,39,0,39,1017,0.89,39.4
29.51,39,0,39,1017,1.34,39.4
29.75,35,0,35,1016,1.79,38.9
30.06,31,0,31,1016,1.34,36
30.31,28,0,28,1015,1.79,36.5
29.44,29,0,29,1015,1.79,34.3
28.83,33,0,33,1014,0.89,35.6
26.36,43,0,43,1014,0.89,28.1
26.39,36,0,36,1013,4.6,24.2
25.36,59,0,59,1013,4.51,21.9
22.64,74,0,74,1016,4.16,20.3
23.48,59,0,59,1015,4.68,20.5
22.67,69,0,69,1016,0.45,20.5
23.89,48,0,48,1029,0.45,19.7
23.47,47,0,47,1021,6.47,19.6
21,68,0,68,1015,6.07,19.2
21.29,67,0,67,1015,0.89,18.5
20.36,74,0,74,1016,6.07,18.4
20.96,63,0,63,1015,5.81,19.4
23.4,61,0,61,1017,0.89,23.6
24.19,53,0,53,1017,2.24,27.7
25.31,52,0,52,1017,1.79,30
27.3,46,0,46,1017,1.34,32.6
27.78,42,0,42,1016,2.68,35.6
28.94,37,0,37,1016,1.79,37.1
31.67,30,0,30,1015,0.89,39.3
31.11,29,0,29,1015,1.79,39.4
31.11,30,0,30,1014,1.79,39
31.11,30,0,30,1013,0.89,37.2
30.89,27,0,27,1012,3.84,36.6
29.44,35,0,35,1013,0.45,37.9
26.98,42,0,42,1013,0.45,29.1
26.26,42,0,42,1012,5.49,24.8
23.64,60,0,60,1014,0.89,22.5
22.78,65,0,65,1014,5.65,20.9
22.47,74,0,74,1014,0.89,20.1
22.22,75,0,75,1014,0.45,19.7
23.09,62,0,62,1014,0.45,19
22.71,68,0,68,1014,0.89,20.6
21.86,77,0,77,1014,4.78,20.6
21.95,68,0,68,1013,4.38,19.6
21.05,84,0,84,1014,0.89,19.3
22.22,78,0,78,1015,3.83,19.6
23.09,74,0,74,1016,0.89,21.8
24.19,70,0,70,1016,2.24,27.8
25.36,63,0,63,1015,0.45,29.4
27.6,54,0,54,1015,0.89,32.8
27.47,48,0,48,1014,3.31,34.8
30.56,49,0,49,1015,1.34,38.7
30.37,40,0,40,1014,0.89,39.4
30.64,37,0,37,1014,1.79,40.3
31.05,30,0,30,1013,4.13,38.3
33.33,31,0,31,1013,5.43,38.6
31.11,39,17,39,1013,2.24,37.8
29.44,48,21,48,1013,1.34,35.2
28.15,47,21,47,1012,7.32,31.6
24.51,66,31,66,1013,1.34,24.5
24.21,65,31,65,1013,6.3,23.6
23.64,78,1,78,1014,1.79,22.2
23.89,78,1,78,1015,0.45,21.9
24.2,72,1,72,1015,0.45,21.4
23.89,73,0,73,1015,1.34,21
23.02,79,0,79,1015,0.45,22.1
22.47,83,2,83,1016,0.45,22.1
22.47,84,0,84,1016,1.34,21.8
22,82,23,82,1015,4.64,21.6
22.53,85,64,85,1016,0.89,22.1
22.07,84,68,84,1016,4.48,23
24.19,78,79,78,1017,1.79,27.6
24.75,75,80,75,1017,0.89,28.8
25,74,100,74,1017,1.34,31.1
26.67,69,94,69,1016,0.89,31.5
27.78,63,96,63,1016,0.89,36.4
28.09,56,97,56,1015,1.34,35.9
27.59,58,98,58,1015,0.89,34.4
27.85,57,95,57,1015,0.89,33.4
27.29,64,100,64,1014,0.89,31.9
26.42,69,100,69,1014,6.85,31.3
25.87,66,100,66,1014,1.79,29.3
25.56,70,93,70,1014,1.79,28.1
25.1,67,93,67,1013,6.96,24.4
23.89,77,95,77,1015,0.89,23.8
23.58,82,100,82,1015,0.45,22.3
23.33,82,67,82,1015,0.45,22
23.97,75,63,75,1015,6.39,21.3
23.79,74,65,74,1014,6.28,21.2
23.33,83,53,83,1016,0.89,22
22.92,80,49,80,1015,5.38,21.9
22.34,79,11,79,1014,5.08,21.2
21.72,81,3,81,1014,4.99,21.1
22.53,82,0,82,1016,0.89,22.1
23.95,78,0,78,1017,0.89,23.6
24.75,73,0,73,1017,1.79,28.5
25.62,70,1,70,1017,0.89,29.6
25.25,66,1,66,1016,4.67,33.3
27.28,65,0,65,1017,0.89,35.2
27.78,61,0,61,1016,1.79,36.9
28.02,53,0,53,1015,4.73,37.2
28.86,46,0,46,1014,5.14,37.9
29.39,41,0,41,1013,5.9,38.1
29.28,41,0,41,1012,6.68,35.8
26.98,60,0,60,1015,1.79,35.2
25.8,63,0,63,1015,1.79,31.1
24.13,71,0,71,1015,2.24,27.9
23.33,73,0,73,1016,0.89,23.1
23.33,73,0,73,1016,1.34,22.6
23.33,75,0,75,1016,1.79,22.1
23.38,72,0,72,1016,7.13,22.1
23.59,67,0,67,1015,6.52,21.9
23.02,73,0,73,1017,1.34,22
22.47,76,0,76,1017,0.89,21
21.91,80,0,80,1017,0.45,20.7
21.36,82,0,82,1017,1.34,20.1
20.8,86,0,86,1018,0.45,20
21.42,83,0,83,1018,0.89,21.2
22.53,78,0,78,1019,1.79,22.9
23.94,73,0,73,1019,1.34,27.9
24.2,68,0,68,1019,1.79,28.1
25.62,64,0,64,1019,1.79,31.8
25.92,56,0,56,1018,5.62,34.5
27.61,49,0,49,1018,1.34,36.4
28.09,48,0,48,1018,0.89,37.4
28.57,41,0,41,1017,4.81,37.1
29.44,49,0,49,1016,1.79,36.9
28.89,55,0,55,1016,1.79,35.7
28.89,57,0,57,1015,0.89,35.7
27.78,62,0,62,1015,1.79,33.1
26.11,72,0,72,1015,0.89,29.3
24.44,77,0,77,1015,0.89,24.7
23.89,85,18,85,1016,0.45,23.9
23.89,86,8,86,1016,7.78,22.9
25.56,75,28,75,1017,1.79,22.7
25,76,48,76,1016,0.89,23.8
24.44,81,55,81,1016,1.79,23.7
23.33,85,93,85,1016,0.89,22.9
23.33,86,88,86,1016,0.89,22.7
23.03,83,84,83,1015,6.69,22.4
22.78,86,89,86,1017,1.34,22.3
23.33,84,86,84,1017,1.79,23.3
24.44,81,87,81,1017,2.68,24.2
23.86,78,87,78,1017,5.81,28.3
25.56,76,92,76,1017,1.79,28.5
27.78,67,31,67,1017,1.34,32.7
28.33,65,22,65,1017,1.79,34.4
30,59,16,59,1015,1.79,38.1
31.11,56,12,56,1015,0.89,38.8
31.67,51,4,51,1014,1.79,39.3
31.67,51,13,51,1013,0.89,38.8
30.56,51,24,51,1013,2.68,37.4
30.12,48,21,48,1012,6.32,35
27.22,68,14,68,1012,1.79,29.7
25.56,73,10,73,1012,2.24,27.5
25.18,71,10,71,1012,7.11,24.5
24.45,74,8,74,1012,6.71,24
24.2,78,100,78,1013,1.79,23.3
24.2,79,0,79,1014,6.27,23.4
24.44,80,0,80,1014,0.45,23.6
24.47,74,0,74,1013,5.18,23.1
22.15,85,100,85,1013,0.45,21.7
21.91,84,91,84,1012,1.67,21.4
21.91,86,24,86,1011,1.71,21.1
22.53,86,55,86,1011,0.95,21.2
24.13,79,65,79,1011,0.89,21.8
23.57,77,67,77,1011,2.86,23.3
26.11,74,64,74,1011,0.89,30.4
26.73,69,64,69,1011,0.89,31.9
27.78,68,37,68,1011,0.45,35.6
28.4,67,25,67,1011,0.89,37.8
28.69,58,23,58,1010,3.1,35.8
30.67,60,25,60,1009,1.34,31.8
30.32,62,20,62,1008,0.45,35.2
30.56,62,28,62,1007,0.45,37.5
30.31,62,1,62,1006,1.34,39.2
30.56,58,47,58,1006,0.89,33.7
29.07,70,50,70,1006,0.89,31.1
29.22,58,54,58,1005,3.6,28.5
25.24,79,54,79,1006,0.45,25.3
24.69,83,45,83,1006,3.46,24.6
24.38,85,0,85,1006,4,23.2
24.06,91,0,91,1006,3.75,23
25.74,81,0,81,1002,4.03,22.5
25.37,83,0,83,1002,3.85,22.1
25,81,0,81,1018,3.43,21.4
24.81,84,0,84,1002,3.19,21.5
25.18,83,0,83,1001,3.25,21.4
25.37,81,0,81,1017,3.98,21.4
23,83,75,83,1001,3.1,19.3
21.44,73,40,73,1001,9.8,19.1
22.29,72,20,72,1003,9.21,19.4
19.65,88,75,88,1006,10.8,22.5
20.65,77,75,77,1005,8.7,21.4
20.7,68,75,68,1005,3.6,20.9
23.36,51,87,51,1005,5.55,26.8
21.29,64,20,64,1005,7.7,27.6
26.43,32,83,32,1007,1.34,30.6
27.83,24,77,24,1006,6.44,31.4
27.78,26,0,26,1007,1.34,29
26.29,16,0,16,1006,7.6,28.1
25.76,30,20,30,1004,13.4,25.2
24.26,29,0,29,1005,5.7,23.3
25.03,23,0,23,1005,5.15,19.1
24.01,21,0,21,1007,6.99,19
22.54,24,0,24,1009,7.67,17.8
20.39,37,0,37,1010,7.75,17.1
19.26,38,0,38,1011,7.24,16.1
18.5,42,0,42,1012,6.95,14.8
14.31,68,0,68,1014,6.75,14
14.62,66,0,66,1012,1.34,12.3
14.27,66,0,66,1012,4.73,11.8
13.9,60,0,60,1028,4.08,11
13.33,73,0,73,1015,3.7,10.2
16.72,60,1,60,1015,3.35,13.9
16.93,50,6,50,1015,3.56,17.7
21.18,35,19,35,1016,0.89,22.9
23.94,32,0,32,1016,0.45,26
25.37,27,0,27,1016,0.45,26.3
25.51,22,0,22,1015,4.56,30.9
27.28,25,0,25,1015,0.89,31.8
27.84,25,0,25,1015,1.79,33.9
28.64,23,0,23,1014,1.79,34.8
29.18,24,0,24,1014,0.89,33.4
29.08,11,0,11,1011,3.58,33.4
28.89,11,0,11,1011,1.34,31.9
27.59,25,0,25,1011,0.89,29.1
26.12,28,0,28,1011,3.99,24.3
24.45,47,0,47,1012,0.89,20.4
24.44,51,0,51,1012,0.89,18.9
23.89,43,0,43,1012,0.45,19.2
23.51,41,0,41,1029,1.79,19.4
23.31,41,0,41,1028,1.34,18.9
22.16,43,0,43,1012,3.6,18.6
21.39,41,0,41,1012,2.99,18.1
21.13,37,0,37,1012,4.1,17.2
18.96,72,0,72,1013,2.1,15.8
18.87,67,0,67,1013,2.1,16.6
20.91,63,0,63,1014,3.54,19.5
24.31,47,0,47,1014,3.86,24.9
26.19,44,0,44,1014,3.41,29.2
26.59,33,30,33,1014,3.11,31.4
29.15,36,0,36,1014,2.77,33.7
30.43,37,0,37,1014,2.32,35.6
31.31,30,20,30,1014,2.23,36.3
32.48,29,75,29,1014,2.2,37.4
33.75,27,75,27,1014,1.94,37.9
33.08,27,75,27,1013,1.11,35.5
32.98,10,2,10,1013,1.79,35.1
31.07,21,4,21,1012,6.74,32
26.85,65,5,65,1014,0.89,28.7
25.86,57,5,57,1014,7.49,25.2
24.81,66,3,66,1015,8.03,22.6
24.24,69,0,69,1016,7.72,21.4
23.7,70,0,70,1016,7.36,20.8
22.81,62,0,62,1016,6.12,20.2
22.04,59,0,59,1016,5.42,19.6
22.78,60,0,60,1015,4.79,19
22.1,59,0,59,1015,4.1,18.4
21.56,59,0,59,1016,3.49,18
21.22,57,0,57,1016,3.78,17.8
20.98,54,0,54,1016,4.28,18.3
24.97,63,0,63,1016,4.46,21.7
24.12,52,0,52,1016,4.36,26.1
24.84,42,0,42,1017,3.76,29
26.27,34,0,34,1017,3.35,31.9
27.8,30,0,30,1016,3.16,35.4
29.04,26,0,26,1015,3.02,37.4
33.33,41,0,41,1014,0.89,39.4
33.53,12,0,12,1014,1.79,39.5
33.4,54,20,54,1013,5.1,39.2
32.56,39,10,39,1013,4.72,37.5
31.53,33,4,33,1011,4.92,35.7
29.91,48,20,48,1012,4.1,34.8
28.99,44,10,44,1012,5.41,31.3
27.22,73,0,73,1013,0.45,26.9
26.47,73,0,73,1013,5.82,24.2
26.04,61,0,61,1013,6.32,22.6
26.3,69,0,69,1013,6.42,22
26.29,63,0,63,1013,6.56,21.5
26.11,59,0,59,1012,1.79,20.9
25.18,54,0,54,1013,0.89,21.4
24.81,57,0,57,1013,0.89,21.4
24.06,61,0,61,1014,5.61,20.8
23.33,65,0,65,1014,5.31,20.2
24.25,66,0,66,1014,4.87,19.9
24.79,64,0,64,1015,0.89,23.2
24.98,61,0,61,1015,4.88,26.8
26.29,59,0,59,1015,0.45,29.8
27.76,56,0,56,1015,0.45,31.4
28.9,29,19,29,1015,0.45,34.9
28.79,32,19,32,1015,3.29,38.1
30.92,50,30,50,1013,3.31,38.4
29.24,51,0,51,1013,7.7,38.6
32.05,20,35,20,1013,0.89,35.2
31.83,50,100,50,1012,0.89,36.8
31.09,39,100,39,1011,5.4,34
29.24,56,100,56,1011,0.45,30.6
27.19,69,99,69,1012,6.44,27.6
24.81,71,98,71,1012,5.66,24.5
23.69,75,98,75,1012,0.45,22.5
23.5,76,100,76,1011,0.45,21.7
22.96,79,100,79,1011,6.74,21
23.51,66,100,66,1011,8.04,20.6
24.23,59,97,59,1011,7.39,20.4
23.86,60,96,60,1011,6.86,20.8
23.33,70,97,70,1010,5.79,20.7
22.77,74,100,74,1010,5.23,20.5
22.04,75,100,75,1010,4.79,20.4
22.77,76,100,76,1010,4.24,20.7
23.5,74,100,74,1010,4.37,22.1
24.24,73,100,73,1010,0.45,24.6
26.1,70,100,70,1010,3.06,27.7
27.02,65,100,65,1010,0.89,32.5
26.68,69,75,69,1009,5.1,35.3
29.64,33,100,33,1009,0.89,37.5
27.88,78,40,78,1008,5.1,37.5
28.55,61,40,61,1009,5.1,39.5
28.15,69,40,69,1008,6.2,39.4
27.27,78,20,78,1008,7.7,37.2
26.68,74,20,74,1008,7.7,34.6
27.2,66,18,66,1007,0.89,32.7
26.58,61,25,61,1007,6.7,27.7
24.25,73,42,73,1008,0.45,24.1
23.86,72,46,72,1008,5.99,22.6
23.15,79,60,79,1008,1.34,21.7
22.59,81,67,81,1008,0.89,21.1
22.04,85,62,85,1008,0.89,21
22.04,86,74,86,1008,0.89,21.7
21.89,86,67,86,1008,4.89,22.2
22.59,87,26,87,1007,0.89,22.3
22.77,87,9,87,1007,0.89,22.1
22.59,88,19,88,1008,0.45,22.1
22.77,87,19,87,1008,3.88,22.1
23.84,83,20,83,1007,5.1,23.7
25.92,75,53,75,1008,0.89,26
27.2,72,60,72,1008,0.89,28.8
28.69,66,84,66,1008,0.89,32
29.63,47,64,47,1008,1.34,32.4
27.95,74,20,74,1007,6.2,35.1
30.91,59,35,59,1006,0.89,38
29.3,39,28,39,1005,0.89,36.8
29.69,42,31,42,1006,5.46,34.2
25.48,65,75,65,1005,5.1,27.3
24.69,61,75,61,1005,4.1,22.7
22.59,92,81,92,1007,1.79,23
22.22,85,85,85,1007,1.34,21.8
21.86,83,88,83,1007,0.45,21.7
22.23,85,95,85,1007,4.93,21.7
22.41,87,21,87,1007,4.48,21.6
22.41,88,23,88,1007,4.95,21.5
22.97,82,31,82,1007,0.89,21.4
23.31,83,30,83,1006,5.73,22.3
23.33,84,6,84,1006,0.45,22.4
22.69,86,7,86,1006,3.54,22.6
22.24,85,56,85,1005,2.42,22.6
21.49,86,77,86,1006,0.45,22.1
20.8,100,90,100,1006,4.6,21.9
20.19,86,88,86,1007,0.89,22
19.82,84,79,84,1007,1.34,22.1
20.56,82,62,82,1024,1.79,22.9
21.13,77,79,77,1024,2.24,25.1
21.36,78,75,78,1007,6.2,26.4
23.06,67,65,67,1007,5.32,26.4
24.44,64,52,64,1009,2.68,30
23,64,75,64,1007,7.7,28.8
24.42,56,65,56,1007,4.65,28.1
23.65,60,75,60,1007,9.3,26.6
25,61,39,61,1008,0.45,26.7
25,58,30,58,1008,1.34,26.4
23.89,63,33,63,1008,0.45,25.7
24.16,56,30,56,1008,5.34,22.5
21.67,75,22,75,1008,0.45,20
21.11,78,0,78,1008,6.8,19.9
21.05,81,0,81,1008,0.89,19.5
20.56,84,0,84,1008,0.89,19.9
20,84,0,84,1008,0.45,19.6
19.38,90,0,90,1008,6.63,18.9
19.08,93,3,93,1008,5.94,18.2
19.13,92,0,92,1009,5.72,18
18.4,87,2,87,1008,5.7,17.3
17.65,84,13,84,1007,5.35,17.4
20.07,79,24,79,1010,1.79,22.3
21.48,71,67,71,1010,0.89,23.8
22.59,63,69,63,1010,0.89,28.1
24.27,59,99,59,1010,0.89,29.5
26.42,50,79,50,1010,3.58,34.8
26.34,47,68,47,1009,5.97,34.4
30.31,34,42,34,1008,0.89,37.5
31.42,30,34,30,1008,0.89,36.4
32.22,29,28,29,1008,0.89,37.1
31.53,26,14,26,1007,5.67,36.6
33.58,29,0,29,1007,0.89,35.3
32.72,29,0,29,1007,0.89,33.9
31.05,33,0,33,1008,1.99,29
28.06,45,0,45,1008,0.85,27
26.98,51,0,51,1009,1.71,22.8
28.34,34,0,34,1023,1.96,21.7
28.15,33,0,33,1006,0.45,21.1
25.03,68,0,68,1009,2.48,20.1
22.78,53,4,53,1010,1.24,19.7
21.67,74,11,74,1010,0.45,20.4
20.56,81,10,81,1010,0.89,19.7
20.56,83,0,83,1011,4.02,19.6
19.44,85,37,85,1012,4.29,18.3
20,84,51,84,1013,1.34,18.7
19.44,85,38,85,1014,0.45,20
21.11,77,16,77,1014,0.89,22.1
21.11,77,14,77,1014,0.89,26.9
22.67,62,7,62,1013,3.15,28.4
26.31,73,40,73,1011,6.17,32.3
27.7,73,20,73,1011,6.17,34.2
28.3,69,0,69,1011,6.17,35.8
29.58,57,0,57,1011,4.12,35.2
30.15,50,20,50,1011,5.14,35.4
30.16,50,20,50,1010,4.12,34.1
29.28,61,20,61,1010,4.12,30.2
26.92,78,0,78,1011,3.09,30.6
25.25,78,0,78,1011,3.09,24.4
25.08,38,0,38,1011,4.12,23.1
23.89,44,26,44,1011,6.18,21
22.45,53,0,53,1011,3.09,20.6
21.76,68,0,68,1012,5.14,19.6
21.48,78,0,78,1012,4.63,19
20.48,75,38,75,1013,6.09,18.9
21.88,78,90,78,1013,2.57,18.6
21.2,83,90,83,1013,1.54,18.7
20.57,78,95,78,1013,4.31,18.3
21.36,78,90,78,1012,3.09,18.6
21.56,73,90,73,1012,2.57,19.2
20.93,88,0,88,1011,2.06,20
22.01,88,0,88,1013,4.63,22.2
21.79,77,75,77,1013,3.09,23.7
24.19,64,90,64,1013,2.43,22.1
24.58,64,90,64,1013,3.09,24.6
24.34,54,95,54,1013,3.32,29.8
25.65,60,40,60,1012,4.12,32.8
26.92,60,75,60,1012,4.63,34.6
27.32,64,75,64,1011,6.17,36.2
26.95,57,20,57,1010,5.14,36.3
27.01,57,20,57,1010,5.14,33
25.87,60,20,60,1010,4.63,31.6
25.71,54,13,54,1010,5.36,26.7
24.6,57,0,57,1009,5.66,23.5
24.12,60,20,60,1010,3.09,21.9
23.44,68,0,68,1011,3.09,20.9
23.44,73,0,73,1011,3.6,20.1
23.46,64,0,64,1011,6.8,20
23.63,59,0,59,1012,7.27,19.7
23.33,64,0,64,1011,5.03,19.3
22.59,66,0,66,1026,0.45,18.6
22.23,66,0,66,1012,4.58,18.5
21.86,67,0,67,1012,0.45,18.1
22.78,67,0,67,1027,0.45,17.9
24.8,72,0,72,1012,0.45,21
26.1,69,0,69,1012,1.34,25.9
26.04,55,0,55,1012,3.54,29.7
29.25,61,0,61,1012,0.45,32.5
30.17,60,0,60,1011,0.89,36.3
31.67,38,0,38,1009,3.58,39.3
32.6,60,0,60,1010,0.89,40.7
32.24,45,0,45,1009,4.24,42.3
30.43,74,20,74,1007,7.72,41.8
29.55,74,20,74,1007,8.23,40.7
30.36,55,10,55,1006,6.69,39.3
28.13,72,19,72,1005,0.89,35.7
27.02,73,16,73,1004,0.45,35.9
26.25,67,16,67,1004,7.53,28.1
27.41,72,73,72,1004,0.45,25.8
28.15,62,0,62,1004,0.45,25.3
26.11,67,91,67,1020,5.58,25.7
26.61,62,92,62,1012,5.75,26.6
21.03,100,75,100,1006,5.14,23.7
18.91,94,90,94,1004,5.66,20.1
18.49,94,90,94,1006,3.6,18.1
18.41,100,90,100,1005,3.6,18
18.52,100,90,100,1006,4.12,18.2
19,94,90,94,1004,5.14,18.5
19.69,83,90,83,1005,7.2,18.8
22.78,72,74,72,1005,5.23,19.1
24.65,71,98,71,1005,6.6,19.4
19.65,94,90,94,1008,4.12,19.7
20.35,94,90,94,1009,7.2,20.4
20,94,90,94,1007,2.06,21.9
21.3,88,90,88,1006,5.14,22.4
21.95,88,75,88,1004,4.12,22.7
22.3,88,75,88,1002,4.63,27.3
25.47,72,87,72,1002,2.46,24.3
23.65,83,75,83,1005,3.09,24.8
24,78,75,78,1006,5.14,27.3
24,69,0,69,1009,2.06,23.9
22.46,83,0,83,1010,3.09,22.6
22.41,66,100,66,1013,3.58,21.3
21.11,64,100,64,1016,1.79,21
20.49,67,100,67,1016,0.89,20.5
19.38,70,100,70,1017,0.89,19.8
18.03,76,23,76,1017,0.89,18.3
17.16,69,23,69,1018,1.34,17.2
16.05,78,2,78,1019,0.89,15.9
14.92,74,21,74,1019,0.45,14.3
15.23,71,47,71,1020,0.89,13.2
16.73,59,57,59,1021,0.45,15.6
18.33,51,56,51,1021,1.34,19
19.44,40,64,40,1022,0.89,21.9
20.13,32,82,32,1021,4.29,24
22.47,38,100,38,1021,0.89,25.7
24.2,35,100,35,1022,0.89,30
23.58,40,86,40,1021,0.89,33.9
24.19,39,69,39,1020,0.89,32.8
24.3,32,63,32,1019,5.36,33
24.13,47,0,47,1020,1.34,31.9
23.28,49,0,49,1020,0.45,29.7
22.16,52,0,52,1019,0.89,29.5
20.8,54,0,54,1020,1.34,21.3
19.69,58,0,58,1020,0.45,19.7
19.07,62,0,62,1021,5.69,17.3
19.82,62,0,62,1020,6.07,16.3
19.82,57,0,57,1020,0.89,14.9
19.26,63,0,63,1036,1.79,14.8
19.18,56,0,56,1028,4.46,14.1
18.94,53,0,53,1023,4.55,14
18.58,70,0,70,1022,0.89,15.1
18.48,60,0,60,1021,4.09,15.7
17.1,74,8,74,1023,3.88,16.1
18.33,71,14,71,1024,3.26,15
18.59,59,14,59,1023,3.48,16.5
21.97,43,12,43,1024,0.89,22.2
22.84,35,17,35,1024,1.34,27
24.2,31,0,31,1024,0.89,30
23.94,29,0,29,1023,3.28,32.5
25.87,30,0,30,1024,0.89,34.4
25.79,25,0,25,1023,4.37,36.3
25.86,31,0,31,1024,0.89,36
25.62,24,0,24,1023,0.89,36.3
25.87,16,0,16,1022,1.79,35.3
25.31,26,0,26,1022,1.34,32
24.13,35,0,35,1022,0.89,30.5
21.91,53,0,53,1022,0.89,26.8
20.86,60,0,60,1023,1.79,22.3
20.56,62,0,62,1023,0.45,19.9
21.36,64,0,64,1023,1.34,18.3
21.36,56,0,56,1023,0.89,17.3
20.8,61,0,61,1023,1.79,17.4
20.56,63,0,63,1023,0.89,18.2
19.91,63,0,63,1023,0.89,18.7
19.13,68,0,68,1023,1.79,18.2
18.58,70,0,70,1023,1.34,17.8
18.58,69,0,69,1023,1.79,17.3
19.2,64,0,64,1024,1.79,16.8
20.31,63,0,63,1024,3.13,19
21.42,60,0,60,1023,3.13,23.1
22.53,56,0,56,1022,2.68,26.2
22.5,49,0,49,1022,6.07,28.9
25.25,46,0,46,1021,1.79,30.9
25.29,38,0,38,1020,5.91,33.5
27.53,35,0,35,1020,1.79,35.4
27.28,38,0,38,1019,1.79,36.6
27.62,42,0,42,1018,1.79,37
26.73,49,0,49,1018,2.68,36.6
26.11,54,0,54,1017,1.79,34
24.69,60,0,60,1017,1.79,31.3
23.33,72,0,72,1016,0.89,27
23.03,73,0,73,1016,0.89,23.5
23.33,73,0,73,1016,1.34,21.8
23.82,69,0,69,1016,1.79,21.4
23.58,58,0,58,1016,3.58,21.7
23.42,56,0,56,1015,9.12,22.7
22.59,57,0,57,1014,8.7,22.2
21.67,70,0,70,1015,0.89,21.7
21.36,71,0,71,1014,0.89,21.2
21.11,73,1,73,1013,1.79,20.9
20.56,75,37,75,1014,1.79,20.6
20.8,76,54,76,1015,1.79,20.6
20.42,91,50,91,1016,5.59,20.6
22.22,74,49,74,1014,1.79,21.9
22.84,71,57,71,1013,1.79,26.8
23.08,71,100,71,1013,0.45,26.9
22.99,68,90,68,1010,3.6,27.7
23.23,65,0,65,1009,3.5,26.9
25.37,55,38,55,1009,3.02,26.4
22.28,78,99,78,1010,0.45,26.7
23.81,69,99,69,1009,3.59,26.3
22.04,78,75,78,1007,4.12,25.8
24.38,65,87,65,1007,3.38,25.2
22.04,79,100,79,1008,0.89,24.3
22.22,81,100,81,1007,4.21,23.8
21.73,85,100,85,1007,4.04,23.5
21.36,91,97,91,1008,4.45,22
21.98,88,69,88,1008,0.45,21.5
21.72,84,67,84,1007,0.89,21.5
23.14,74,68,74,1006,3.32,20.9
22.04,88,53,88,1006,4.26,21.1
21.97,91,69,91,1005,3.55,21.2
21.67,94,60,94,1005,3.38,21.7
21.67,96,10,96,1006,2.8,21.5
21.11,95,22,95,1006,0.45,21
21.11,95,40,95,1007,1.97,21.1
21.98,94,49,94,1006,1.97,21.7
23.44,85,27,85,1006,2.33,23.1
24.2,83,29,83,1007,0.45,25
26.36,75,54,75,1006,0.89,29.1
28.33,64,58,64,1006,0.89,32.7
29.44,58,56,58,1005,0.45,34.9
29.51,52,48,52,1004,0.45,35.7
31.42,48,51,48,1004,0.45,35.8
30.17,66,62,66,1004,0.89,34.3
30,59,86,59,1003,5.63,35.3
24.44,72,66,72,1005,1.79,31.8
22.16,83,78,83,1006,1.79,23.7
21.36,85,92,85,1006,1.79,22.1
21.06,86,94,86,1007,0.89,21.6
20.8,84,95,84,1007,0.45,21
19.39,89,100,89,1008,0.89,19.9
18.28,83,83,83,1009,0.89,18.3
18.02,87,99,87,1009,0.89,17.9
16.6,87,99,87,1009,0.89,17.3
17.01,84,98,84,1009,6.52,16.1
16.05,92,93,92,1009,0.45,16
15.49,94,94,94,1010,5.67,15.3
15.49,95,61,95,1010,4.92,15.1
16.36,91,47,91,1010,0.45,15.1
16.27,87,42,87,1010,5.62,17.1
18.89,77,22,77,1011,0.89,20.3
19.44,72,18,72,1012,0.89,21
20.8,64,0,64,1012,1.34,24.5
21.92,55,0,55,1011,0.89,25.3
22.71,52,6,52,1011,2.24,25.7
23.58,51,24,51,1010,1.79,27.3
23.83,48,23,48,1010,1.79,27.2
24.06,52,20,52,1011,0.89,24.7
25.12,44,10,44,1010,5.78,27.8
24.69,49,0,49,1011,0.89,27
24.38,49,7,49,1011,0.89,23.4
22.16,54,4,54,1012,0.45,23.1
20.99,62,17,62,1013,4.53,20.7
19.8,71,3,71,1013,4.08,18.6
20.2,59,0,59,1013,0.45,16.9
19.45,62,0,62,1013,3.06,15.8
18.89,65,0,65,1013,3.23,15.1
18.52,67,0,67,1013,0.45,14.2
18.04,64,0,64,1013,2.77,13.8
16.83,75,0,75,1012,2.61,13.4
15.94,76,0,76,1013,2.39,12.5
14.75,87,0,87,1012,0.51,11.8
15.23,77,0,77,1013,1.34,12.3
18.95,70,0,70,1017,1.68,16.5
21.11,63,0,63,1018,0.89,22.4
24.2,53,0,53,1018,0.89,27.4
23.16,46,0,46,1017,2.17,30.9
27.33,35,0,35,1017,0.89,35.4
27.6,45,0,45,1017,1.79,37.8
27.52,35,0,35,1016,1.38,37.7
28.33,45,0,45,1017,1.34,39.7
28.99,35,0,35,1016,1.35,40
29.51,30,0,30,1014,1.63,38.1
29.59,29,0,29,1013,2.45,34.6
28.67,30,0,30,1012,3.81,33
27.41,34,0,34,1012,4.57,28
25.62,40,0,40,1012,4.81,24.2
24.95,44,0,44,1013,4.77,21.7
24.9,44,0,44,1014,4.76,20.1
24.59,44,0,44,1014,5.01,19.6
24.08,44,0,44,1014,4.83,18.7
23.68,44,0,44,1014,4.78,18.3
23.34,45,0,45,1014,4.93,18.4
22.24,55,0,55,1031,4.27,18.8
21.68,68,0,68,1016,4.68,18.3
21.9,59,0,59,1016,4.96,17.7
21.81,54,0,54,1016,4.89,18.2
22.23,52,0,52,1017,4.73,22
23.56,47,0,47,1018,4.95,27.3
24.8,43,0,43,1018,4.68,31.3
26.37,38,0,38,1018,4.15,33.5
28.06,32,0,32,1018,3.67,37.8
29.68,27,0,27,1017,3.21,40.4
31.03,25,0,25,1017,2.89,42.5
31.92,23,0,23,1016,2.83,41.8
32.29,22,0,22,1015,2.99,41
32.25,22,0,22,1015,3.15,40.6
33.08,25,0,25,1018,2.76,38.8
32.36,24,0,24,1016,2.61,37.8
31.12,26,0,26,1015,2.64,34
26.42,40,0,40,1019,0.89,25.3
25.56,47,0,47,1019,0.45,23.6
24.69,61,96,61,1020,0.89,21.7
24.14,67,88,67,1020,0.45,22
24.13,70,40,70,1020,0.89,21.2
23.83,69,30,69,1020,4.15,20.7
23.52,69,35,69,1020,3.44,20.1
23.69,61,34,61,1019,2.76,20.4
23.51,68,0,68,1019,0.45,20.1
22.78,72,0,72,1019,2.33,20.1
22.29,74,0,74,1021,2.07,19.6
24.75,65,0,65,1021,0.89,21.4
25,58,0,58,1021,2.07,29.3
28.15,43,0,43,1022,0.89,30.8
30.07,38,0,38,1021,1.34,34.7
31.11,38,0,38,1021,0.89,36.9
33.33,33,0,33,1021,0.45,40.9
32.78,37,0,37,1020,1.79,41.2
32.28,36,0,36,1020,1.79,41.2
31.49,34,0,34,1020,1.79,41.3
30.86,40,0,40,1019,1.34,39.5
28.64,45,0,45,1019,1.79,37.9
27.22,54,0,54,1019,1.79,34.2
25.56,56,0,56,1020,2.24,30.1
24.44,63,0,63,1020,1.79,24.5
23.58,64,0,64,1020,0.89,23.4
23.64,65,0,65,1020,0.89,21.5
24.14,70,0,70,1021,0.45,21.2
24.13,73,0,73,1020,1.34,21.2
23.58,71,0,71,1020,0.89,21.4
23.03,73,0,73,1020,1.34,22.1
22.16,73,0,73,1021,0.45,21.7
21.3,78,0,78,1021,4.29,20.1
20.68,83,0,83,1021,4.03,19
21.67,77,0,77,1022,3.94,18.6
23.09,74,0,74,1023,1.34,20.5
24.25,69,0,69,1023,0.89,27.4
25.38,64,0,64,1023,0.89,29.5
26.97,61,0,61,1023,0.89,33.3
27.22,52,0,52,1023,0.89,35
28.71,39,0,39,1022,0.89,39.1
28.92,36,0,36,1021,4.69,40
30.67,41,0,41,1021,0.89,40.4
31.24,39,0,39,1021,0.89,39.9
30.93,39,0,39,1020,1.79,38.5
29.5,47,0,47,1020,0.89,37.1
29.46,43,0,43,1019,7.63,34.9
26.11,72,0,72,1021,0.89,30.3
26.08,65,0,65,1020,7.58,25.1
24.2,84,0,84,1022,1.34,24.4
23.89,86,0,86,1022,0.89,23.1
25.31,73,0,73,1022,1.79,22.9
25,70,0,70,1022,1.34,23.5
24.14,76,0,76,1022,0.89,23.7
23.03,77,0,77,1021,1.34,22.3
23.16,70,0,70,1021,5.89,22.3
21.91,82,0,82,1022,1.79,21.3
21.61,82,0,82,1023,1.34,21.1
22.22,75,0,75,1023,1.79,20.9
22.83,73,0,73,1024,0.89,22.2
23.64,71,0,71,1024,1.79,28
25.38,67,0,67,1023,0.89,29.9
24.94,62,0,62,1023,4.85,33.9
25.65,55,0,55,1021,4.52,35.4
28.64,55,0,55,1022,0.89,38.7
30.06,46,0,46,1022,0.89,39.7
30.07,38,0,38,1021,4.23,41.9
30.66,32,0,32,1019,4.55,40.5
31.23,40,0,40,1020,0.45,40.8
30.06,46,0,46,1019,1.79,39.2
29.59,42,0,42,1018,7.29,33.9
26.11,67,0,67,1019,1.79,30.9
24.75,74,0,74,1019,0.45,25.1
24.73,69,0,69,1018,7.21,24.2
24.86,70,0,70,1018,6.71,23.2
25.86,66,0,66,1020,0.89,23.1
25.56,73,0,73,1020,1.34,23.4
25.25,77,0,77,1019,1.79,24.2
24.69,80,0,80,1019,0.89,23.9
24.13,81,0,81,1019,1.79,23.6
23.82,85,0,85,1018,0.89,22.8
23.28,87,0,87,1019,0.45,22.6
23.89,83,0,83,1019,0.89,22.8
25.31,78,0,78,1019,1.79,24.3
26.47,74,0,74,1019,1.79,30.2
27.6,70,0,70,1019,0.89,31.9
28.39,67,0,67,1019,1.34,34.9
30,61,0,61,1018,1.79,36.7
29.94,54,0,54,1017,2.94,40.4
32.78,41,0,41,1017,0.89,39.6
32.5,38,0,38,1016,2.8,42.8
32.88,33,0,33,1014,2.62,42.8
34.44,40,0,40,1015,0.89,41.4
32.83,42,0,42,1014,0.89,40.2
31.42,46,0,46,1014,1.34,36.3
28.95,53,0,53,1014,1.79,33
27.53,61,0,61,1015,0.89,27.5
26.67,70,0,70,1015,1.34,26.5
26.37,67,0,67,1014,6.82,24.8
25.86,73,0,73,1015,0.45,24.5
25.87,74,0,74,1015,0.45,23.8
25.31,80,0,80,1015,0.89,23.4
25,82,0,82,1015,4.44,23.2
25.15,75,0,75,1014,4.12,23.2
24.63,87,0,87,1014,3.65,23
24.64,89,0,89,1015,0.45,22.9
25.56,83,0,83,1015,0.45,24
26.98,77,0,77,1015,0.89,25.5
27.58,71,0,71,1015,1.79,31.6
28.95,67,0,67,1015,1.34,32.8
30.87,59,0,59,1015,1.34,37.4
30.96,49,0,49,1014,2.58,39
34.44,41,0,41,1014,0.45,40.4
34.44,33,0,33,1014,1.79,42.8
34.44,34,0,34,1013,1.79,44.3
34.75,34,0,34,1012,0.89,43.5
33.89,40,0,40,1011,1.34,41.5
32.22,47,0,47,1010,1.34,41
30.56,52,0,52,1010,1.79,33.8
29.8,53,0,53,1009,6.89,31.9
27.22,64,0,64,1011,0.89,26.6
26.67,65,0,65,1012,1.34,25.7
26.36,69,0,69,1011,0.89,24.4
26.06,69,0,69,1011,0.89,24.2
25.74,74,0,74,1011,5.57,23.6
25.18,79,0,79,1011,5.15,23.3
24.94,80,0,80,1010,0.45,22.7
23.82,83,0,83,1010,4.79,22.4
24.07,79,0,79,1010,3.95,22.2
23.52,81,0,81,1010,0.45,22
24.94,79,0,79,1010,0.45,22.9
26.67,74,0,74,1011,0.45,25.1
26.39,66,0,66,1010,3.5,31.6
29.51,63,0,63,1010,0.89,33.6
31.67,52,0,52,1010,1.79,38.4
31.67,53,0,53,1009,1.34,39.7
33.89,45,0,45,1009,0.89,43.4
33.64,42,0,42,1008,1.34,43.2
34.19,37,0,37,1007,1.34,41.9
34.43,32,0,32,1006,2.69,43.5
34.14,39,0,39,1006,0.89,41
34.42,33,0,33,1004,3.79,39.7
33.86,31,0,31,1003,4.51,34.6
29.44,62,0,62,1006,0.89,32.3
28.03,65,0,65,1006,0.89,28.1
27.47,67,0,67,1007,0.45,27.1
28.05,58,0,58,1006,6.07,25.7
27.17,73,0,73,1007,0.45,25.4
26.91,70,0,70,1007,0.45,24.7
26.36,71,0,71,1007,5.26,24.4
25.81,75,0,75,1006,4.86,25
25.74,78,15,78,1005,3.56,24.6
26.11,70,0,70,1003,3.28,23.1
25.74,70,0,70,1003,3.19,22.8
25.74,78,8,78,1006,2.98,22.2
27.84,65,25,65,1006,3.26,23.5
29.19,57,26,57,1007,2.49,27.7
31.49,48,31,48,1006,0.89,31.6
33.95,40,15,40,1006,0.89,35.4
33.88,36,32,36,1005,1.39,37.3
32.67,51,66,51,1005,0.89,38.9
32.03,55,73,55,1004,1.79,41.2
32.58,64,78,64,1003,0.89,33.7
33.54,44,80,44,1002,2.8,23.9
31.17,52,100,52,1004,1.34,28.5
32.31,41,100,41,1003,5.28,28.2
31.93,39,100,39,1002,5.17,25.3
29.63,46,100,46,1003,2.31,25
25.17,68,100,68,1005,0.45,24
24.87,68,100,68,1004,6.71,23.1
24.32,73,100,73,1006,4.46,22.9
24.09,73,100,73,1006,3.48,22.5
23.2,80,100,80,1006,2.19,21.8
23.08,83,100,83,1006,0.38,21.3
22.1,84,100,84,1006,3.5,20.6
21.79,86,100,86,1006,2.81,20.3
20.99,88,75,88,1006,0.45,19.9
21.56,81,71,81,1006,3.96,19.5
21.58,80,71,80,1005,3.99,19.9
23.09,80,73,80,1009,0.89,21
25,58,78,58,1009,1.79,24
27.53,44,82,44,1009,0.89,27.9
29.44,38,10,38,1009,0.45,30.4
30.81,39,5,39,1009,1.34,32.6
31.05,36,4,36,1008,0.89,34.8
30.36,31,2,31,1008,0.89,36.5
30.43,31,2,31,1007,2.97,39
30.82,28,2,28,1006,2.73,38
28.39,53,0,53,1007,1.79,39.3
28.42,46,0,46,1006,5.02,34.3
26.36,53,0,53,1007,0.89,32
24.69,64,0,64,1008,0.89,28.4
24.61,56,0,56,1007,7.69,24.2
24.23,53,0,53,1006,7.78,22.2
22.96,76,0,76,1009,0.89,21.1
22.98,78,0,78,1009,0.45,20.2
22.96,80,0,80,1008,0.89,19.9
23.2,78,0,78,1008,6.46,19.9
23.21,70,0,70,1007,6.06,19.9
23.47,56,0,56,1006,5.68,20.2
23.55,46,0,46,1005,5.57,20.8
22.12,78,1,78,1007,0.45,21.4
23.51,78,33,78,1007,4.53,20.4
23.25,63,41,63,1007,1.3,21.6
21.87,94,75,94,1008,2.57,20.2
21.67,69,75,69,1005,8.75,18.8
21.35,78,75,78,1008,9.77,19.8
21.7,78,90,78,1008,6.17,23.1
22.21,94,75,94,1008,4.12,23.7
25.5,69,87,69,1007,3.37,25
28.09,54,95,54,1005,3.88,25.6
26.27,65,75,65,1006,4.12,28.9
27.83,52,100,52,1007,0.89,30.3
29.43,45,100,45,1005,3.24,30.2
27.79,37,99,37,1004,0.45,30.2
27.89,45,99,45,1004,6.2,27.4
23.58,74,100,74,1007,6.47,24.5
23.02,77,100,77,1007,4.76,23.1
25.31,66,100,66,1004,2.11,22.5
24.87,68,100,68,1005,3.72,21.8
22.78,84,100,84,1007,7.44,21.6
23.32,70,100,70,1005,4.09,21.5
22.1,93,98,93,1008,0.45,21.4
21.12,88,98,88,1007,6.61,20.5
18.58,93,100,93,1009,7.5,19
18.55,85,100,85,1007,4.4,18.6
18.59,84,100,84,1007,1.74,18.5
18.02,97,100,97,1009,0.45,18.2
18.28,97,100,97,1009,1.8,19
18.82,97,100,97,1008,0.89,19.5
20.25,92,100,92,1008,0.45,20.5
22.97,85,100,85,1007,0.89,24
25.31,72,100,72,1007,0.45,32
25.86,69,75,69,1006,0.89,35.5
27.28,63,60,63,1006,1.79,36.3
27.04,63,63,63,1006,1.79,37.9
27.7,53,56,53,1005,2.52,33.5
26.42,69,0,69,1005,1.34,29.1
26.67,68,0,68,1005,0.45,29.4
25.18,77,0,77,1006,2.9,26.8
24.08,85,0,85,1007,2.74,24.2
24.43,74,2,74,1006,2.63,22.8
24.45,75,0,75,1006,2.78,21.8
24.46,69,0,69,1007,2.38,21.1
24.47,67,0,67,1007,2.25,20.4
22.97,81,0,81,1006,2.7,19.8
22.6,82,0,82,1006,3.07,19.5
22.6,84,0,84,1006,3.04,20.1
20.43,78,0,78,1008,0.45,18.8
21.19,69,20,69,1008,3.27,17.8
21.13,68,31,68,1008,2.91,17.4
21.39,67,36,67,1009,3.26,19.4
22.17,69,50,69,1010,0.45,20.6
21.91,71,45,71,1013,0.45,22
23.32,73,90,73,1009,3.6,22
22.63,77,90,77,1012,3.09,21.7
21.71,73,90,73,1010,5.14,21.1
20.34,88,90,88,1010,9.26,20.2
22.28,72,95,72,1011,8.91,18.6
17.49,94,90,94,1010,12.86,17.6
16.42,97,100,97,1013,0.89,16.9
16.67,97,100,97,1013,1.34,17.4
16.67,92,100,92,1013,0.89,16.9
16.92,87,100,87,1014,0.89,17
16.97,85,100,85,1014,9.29,16.7
16.97,89,100,89,1016,0.45,16.5
16.42,89,100,89,1017,0.89,15.4
16.59,86,100,86,1017,7.73,15.2
16.11,89,96,89,1018,1.34,15.4
16.67,85,100,85,1017,0.89,15.5
16.67,87,100,87,1017,0.89,16
16.11,88,96,88,1017,0.45,15.3
15,86,97,86,1016,0.89,15.1
15,84,98,84,1017,0.89,14.9
15,85,99,85,1017,0.89,14.8
15.56,87,99,87,1018,0.89,15.5
15.56,89,99,89,1018,1.79,16.7
17.29,82,97,82,1018,0.89,17.1
18.71,81,100,81,1018,0.89,19.6
18.45,81,100,81,1018,6.49,21.9
18.71,80,100,80,1016,6.69,21.3
20.61,84,100,84,1017,1.79,20.7
20,90,100,90,1017,0.89,22.7
19.44,95,100,95,1017,0.89,22.8
21.18,83,100,83,1016,1.79,22.3
21.06,84,100,84,1016,0.89,23
20.25,84,100,84,1015,1.34,21.3
20.25,85,99,85,1016,0.89,20
19.69,90,100,90,1016,1.34,18.9
18.82,93,99,93,1016,0.89,18.4
19.29,85,99,85,1016,5.83,18.4
19.27,85,100,85,1015,5.45,18.6
19.18,86,100,86,1014,6.84,18.4
19.37,84,100,84,1013,5.99,18.5
18.33,98,97,98,1015,4.65,18.3
18.02,99,99,99,1012,3.13,18.1
17.78,99,100,99,1014,0.45,18
18.03,98,100,98,1014,0.89,18.3
18.33,98,100,98,1014,0.45,18.2
18.7,95,100,95,1013,3.51,18.3
18.64,98,100,98,1014,2.87,19.6
18.33,98,100,98,1015,0.89,20.3
18.59,95,99,95,1014,2.26,20.8
19.44,97,99,97,1014,0.89,23.5
18.87,92,99,92,1013,7.89,23.7
21.72,85,99,85,1012,1.34,26.9
21.31,92,83,92,1012,0.89,30.2
20.97,95,100,95,1012,1.79,25.7
21.18,97,96,97,1012,0.89,25
20.79,89,94,89,1011,6.63,22.1
19.94,95,91,95,1012,0.89,20.9
19.38,95,38,95,1013,0.89,19.9
19.14,96,90,96,1013,0.89,19.4
19.44,95,93,95,1013,0.89,19.3
19.44,95,63,95,1014,1.34,19.3
19.44,96,66,96,1014,1.34,19.4
19.44,94,81,94,1014,0.45,19.4
18.89,96,74,96,1014,0.45,18.8
18.89,97,80,97,1014,0.45,18.7
18.33,97,52,97,1014,0.89,18.4
18.33,97,92,97,1014,0.45,18.4
18.33,95,88,95,1013,3.9,18.1
18.33,97,90,97,1014,0.89,18.1
18.49,94,90,94,1013,4.28,18.5
18.89,93,93,93,1014,1.34,19.2
19.66,89,93,89,1014,5.02,21.3
21.36,87,100,87,1016,0.45,23.9
22.78,80,100,80,1016,1.34,23
24.44,76,100,76,1015,1.34,26.5
25,74,99,74,1015,0.89,27.4
25.25,70,99,70,1015,0.89,29.1
24.25,69,88,69,1016,0.45,27.4
25,69,12,69,1016,0.45,27.1
25,68,23,68,1015,0.89,25.9
23.16,73,24,73,1015,0.89,25.2
22.28,77,35,77,1016,0.45,23.4
21.42,82,43,82,1016,0.45,22.6
21.11,88,36,88,1017,0.89,20.7
20.31,92,2,92,1016,0.45,20.4
20,95,6,95,1016,5.12,19.9
20,95,18,95,1017,0.45,19.7
20,96,44,96,1016,0.45,19.9
19.69,97,33,97,1016,0.45,19.8
19.44,97,30,97,1016,0.89,19.4
19.44,97,52,97,1016,3.73,19.2
19.14,97,76,97,1016,0.89,18.6
19.13,97,70,97,1017,0.45,18.7
19.2,95,59,95,1017,0.89,19.4
19.47,89,56,89,1016,4.48,19.8
20.42,83,59,83,1015,4.79,24.8
21.68,76,97,76,1016,4.23,26.2
24.44,72,65,72,1016,1.34,26.9
24.19,68,70,68,1016,5.77,26
25.03,61,67,61,1014,5.77,25.5
25.53,57,69,57,1014,5.59,25.7
25.8,56,72,56,1014,5.31,27.2
24.92,58,100,58,1013,5.12,27.2
24.53,60,100,60,1013,5.47,24.9
24.17,61,97,61,1012,5.49,26.2
22.17,74,81,74,1015,0.89,22.3
21.53,75,73,75,1014,5.55,21.5
20.55,78,70,78,1014,5.15,20.3
19.8,81,5,81,1015,4.92,20.2
19.27,81,15,81,1015,5.09,19.5
18.82,81,30,81,1015,4.83,19
18.58,92,42,92,1017,0.89,17.9
18.04,87,42,87,1016,4.67,17.8
17.34,84,47,84,1015,4.59,17.2
17.47,95,16,95,1017,0.45,16.9
16.86,91,14,91,1016,4.41,16.6
16.27,90,11,90,1015,4.69,16.5
16.02,87,9,87,1015,5.1,18
19.51,76,7,76,1019,0.89,19.9
20.87,59,11,59,1020,1.34,23.7
22.53,56,0,56,1020,0.89,24.7
24.51,44,0,44,1020,1.34,29.7
25.87,44,0,44,1019,0.89,31
26.67,45,0,45,1019,1.34,33.2
26.23,43,0,43,1018,4.43,33.6
26.4,41,0,41,1017,4.18,33.6
