0,18.86,79,98,18.4
1,18.83,80,100,17.7
2,18.58,78,99,17.4
3,18.03,82,99,17.3
4,17.17,85,15,16.4
5,16.6,88,8,15.2
6,18.09,81,5,15.8
7,18.33,82,4,20.2
8,18.42,76,4,23.7
9,20.31,72,5,25.5
10,21.67,71,1,27.5
11,22.53,61,1,33.7
12,23.33,58,0,33.1
13,24.5,59,0,37.1
14,24.2,54,0,35.6
15,24.51,52,0,35.5
16,23.64,54,0,33.4
17,22.29,62,0,28.3
18,21.11,67,0,26
19,20.39,68,0,22
20,18.89,75,0,19.5
21,18.33,78,0,18.1
22,18.58,83,0,17.5
23,18.02,82,5,16.9
0,18.27,83,0,16.8
1,17.74,81,0,16.6
2,17.71,85,16,16.4
3,17.17,88,18,16.3
4,16.86,90,18,15.1
5,15.66,94,9,14.3
6,19.01,77,6,14.6
7,19.19,78,5,19.2
8,20,77,4,23.4
9,21.18,70,5,27.2
10,21.67,71,1,30.6
11,22.29,68,1,30.5
12,22.53,69,0,32.2
13,22.47,70,0,29.8
14,23.64,66,0,31.6
15,23.4,62,9,32.1
16,23.69,57,24,31.7
17,22.53,54,14,26.9
18,21.36,68,30,24.9
19,19.69,78,46,22
20,18.97,79,43,19.4
21,18.33,85,32,18.4
22,18.02,85,16,17.7
23,18.27,89,1,16.5
0,18.07,87,9,16.8
1,18.28,92,18,16.5
2,17.92,90,19,16.3
3,17.61,88,17,16.1
4,17.31,89,1,15.5
5,17.17,89,0,14.6
6,18.95,87,3,14.6
7,19.75,82,2,19.2
8,20.56,80,1,22.2
9,21.98,75,6,27
10,21.91,68,3,29.6
11,24.51,64,0,33.5
12,24.05,58,0,35.2
13,24.1,54,0,35.8
14,24.29,51,2,36.4
15,24.88,55,5,34.5
16,24.9,50,3,33.1
17,24.44,47,14,29
18,23.29,50,12,27.6
19,20.31,80,9,23.4
20,19.69,86,7,20.4
21,19.49,83,7,19.4
22,19.35,80,48,18.8
23,19.38,89,45,18.3
0,19.38,92,37,18.3
1,19.14,91,27,18.1
2,18.82,91,23,17.9
3,18.83,92,32,17.8
4,18.28,93,18,16.9
5,18.57,92,9,17.2
6,19.44,88,6,17.6
7,21.11,82,5,19.3
8,22.22,76,8,23.8
9,23.09,73,25,26.8
10,24.19,70,100,27.1
11,24.75,70,100,30
12,24.2,68,100,29
13,24.44,68,100,28.9
14,24.19,66,100,28.5
15,24.06,63,100,27.3
16,22.78,73,100,26
17,22.78,76,100,24.9
18,22.22,71,100,24.4
19,22.01,71,100,23.9
20,21.05,82,100,22.3
21,20.74,84,100,21.5
22,20.75,87,100,21
23,18.33,81,100,18.8
0,18.02,87,100,18.2
1,17.98,86,100,17.8
2,17.47,87,85,17.7
3,17.47,86,93,16.7
4,16.87,87,96,16.4
5,14.93,92,98,15.1
6,14.78,87,97,15.1
7,15.61,83,78,16.4
8,18.15,75,64,21.2
9,20.06,71,53,24.9
10,21.72,66,0,29
11,22.22,63,0,31.2
12,23.09,54,0,32.3
13,23.64,51,0,33.6
14,25.07,49,0,34.1
15,24.68,43,0,33.2
16,24.14,40,0,31.1
17,23.72,38,0,28.6
18,22.47,47,0,26
19,20.5,56,0,22.2
20,19.93,53,0,18.9
21,18.18,65,0,16.9
22,17.1,79,0,15.8
23,16.29,86,0,15.1
0,15.74,88,0,13.9
1,14.59,91,0,13.1
2,13.38,95,0,12.5
3,14.43,90,0,11.7
4,14.27,80,0,11.3
5,13.86,81,0,11.2
6,12.69,89,0,11.2
7,15.56,78,0,15.5
8,18.09,70,0,20.9
9,20.87,58,0,26.4
10,23.08,49,0,29.8
11,22.47,42,0,33.1
12,23.1,35,0,34.5
13,26.42,33,0,35.7
14,25.56,32,0,36.2
15,25.87,32,4,35.5
16,25.73,46,45,34
17,23.27,54,37,31.5
18,21.86,58,56,27.1
19,20.6,59,56,22.8
20,19.38,75,44,19.8
21,18.83,78,36,18.6
22,18.22,84,0,17.7
23,18.19,82,0,16.5
0,17.59,86,0,15.8
1,16.74,90,0,15.3
2,16.15,92,0,14.9
3,18.34,63,0,14.4
4,15.88,91,0,14.5
5,17.42,63,16,14.5
6,17.96,72,12,14.8
7,20.31,61,12,18.6
8,21.42,49,10,22.4
9,22.41,50,10,27.7
10,24.19,47,35,28.2
11,24.2,47,46,30.5
12,24.44,48,44,32.1
13,25.56,46,37,33
14,25.81,39,33,33.1
15,26.2,35,28,32.2
16,24.75,45,0,31.5
17,24.13,47,0,29.3
18,23.33,53,1,27.1
19,22.17,59,1,24.1
20,21.91,60,10,21.1
21,21.67,65,19,19.8
22,21.36,74,43,19.1
23,20.8,82,42,19.7
0,20.42,72,42,18.3
1,20.75,79,48,18.5
2,20.42,71,41,17.9
3,19.88,72,42,17.2
4,17.97,81,21,16.1
5,16.7,91,16,15.2
6,16.61,93,75,16
7,17.22,92,10,16.8
8,18.95,85,8,18.8
9,21.79,71,20,23.8
10,24.5,63,0,29.3
11,24.12,57,0,32.8
12,23.73,56,1,34
13,23.39,57,7,34.3
14,22.87,61,16,31.8
15,25.31,56,25,32.3
16,25.25,51,93,30.6
17,23.99,50,94,28.2
18,22.97,54,98,25.3
19,20.5,69,98,22.1
20,18.82,77,84,19.2
21,17.78,78,70,17.3
22,17.34,69,36,16.3
23,16.6,82,0,15.5
0,15.99,83,0,14.8
1,15.44,84,0,14.2
2,15.37,75,0,13.4
3,14.33,87,0,12.8
4,13.72,90,0,12.2
5,12.57,92,0,11.7
6,13.02,83,0,11.2
7,17.78,70,0,14.8
8,19.75,62,0,19.4
9,21.42,56,0,24.2
10,22.53,49,0,28.9
11,22.84,48,0,31.1
12,23.4,43,0,32.6
13,22.22,62,0,30
14,21.05,63,0,33.9
15,21.91,50,0,32
16,21.67,60,11,29.2
17,21.11,59,35,27.4
18,19.69,63,41,25.6
19,19.29,60,36,21.8
20,17.22,68,24,18.5
21,16.67,74,20,16.5
22,15.75,81,0,15.7
23,15.52,77,0,14.2
0,15.41,77,0,13.8
1,14.33,88,10,13.5
2,14.82,76,19,12.8
3,14.02,91,20,12.1
4,14.66,77,1,11.4
5,15.39,72,3,11.4
6,15.63,88,2,12.8
7,19.19,75,2,18.2
8,20.31,70,1,22.9
9,19.74,64,1,24.2
10,21.67,62,0,29.3
11,22.78,52,0,26.4
12,23.64,45,0,28.1
13,24.2,47,0,32
14,24.51,45,0,32.7
15,24.75,43,0,32.7
16,23.95,46,0,29.7
17,22.78,53,0,28.7
18,21.36,64,0,25
19,20,71,0,21.1
20,19.69,74,0,19
21,19.69,75,0,17.9
22,19.69,75,0,17
23,19.69,74,0,17
0,19.69,73,0,16.8
1,19.13,74,0,17.4
2,18.82,77,0,17.3
3,18.28,79,0,16.8
4,17.71,81,0,16
5,17.4,85,0,16
6,18.33,80,0,16.6
7,19.75,74,0,19.9
8,19.34,72,0,22.8
9,21.67,67,0,25.8
10,23.33,62,0,29
11,25,56,0,30.1
12,23.39,72,40,32.2
13,25.56,46,0,32.9
14,25.32,41,0,34.8
15,25.57,37,0,31.9
16,26.49,36,0,29.9
17,25,44,0,28
18,23.89,52,0,26.2
19,22.47,69,7,23.9
20,21.91,68,25,21.2
21,21.36,69,38,19.9
22,21.05,72,100,18.6
23,20.8,72,24,18.4
0,20.19,77,17,18.1
1,19.93,78,13,17.8
2,19.63,74,19,17.2
3,19.08,75,16,16.8
4,18.51,76,0,16.7
5,18.52,74,0,16.5
6,18.28,78,0,16.6
7,19.38,77,0,18.5
8,20.86,68,0,22.2
9,22.54,65,0,25.8
10,23.95,61,0,30.9
11,25.62,51,0,32.2
12,26.67,46,0,33.8
13,27.78,35,0,34.5
14,27.78,35,0,34.5
15,28.08,34,0,34.7
16,27.84,35,0,32.7
17,27.35,34,0,31.6
18,25.97,42,0,28.8
19,23.33,59,0,25.2
20,22.46,61,0,22.2
21,21.92,64,0,20.6
22,21.52,66,0,19.5
23,21.38,65,0,19.1
0,20.89,64,0,19.2
1,21.36,68,1,19.3
2,20.87,64,1,19.9
3,20.45,63,1,19.5
4,19.06,77,0,17.7
5,19.26,70,0,17.8
6,19.12,67,0,17.6
7,20.56,69,0,19.9
8,21.73,64,0,22.3
9,21.77,59,0,25.8
10,22.82,53,6,30.4
11,24.32,46,40,31.3
12,25.4,43,62,32.7
13,28.33,38,2,34.8
14,28.08,37,2,36.1
15,28.34,35,1,36.3
16,30.69,28,0,34.5
17,29.71,31,0,33.6
18,28.75,35,0,31.3
19,27.27,40,0,27.6
20,25.45,47,0,24.1
21,24.87,52,0,21.8
22,23.71,59,0,20.1
23,23.86,61,0,20
0,23.64,62,0,20.4
1,23.35,64,0,22.4
2,23.05,66,14,22
3,22.66,68,29,21.7
4,22.78,74,99,21.7
5,22.52,72,90,21.5
6,22.3,70,89,21.2
7,22.76,66,90,23
8,23.66,62,88,23
9,24.1,60,88,24.9
10,25.1,56,100,27.3
11,27.18,48,100,30.5
12,29.38,41,100,34
13,30.48,38,100,35
14,31.3,36,100,36
15,32.04,35,98,29.4
16,26.48,53,51,26.9
17,27.55,51,51,26.4
18,23.28,66,69,24.4
19,22.33,72,65,22.5
20,21.01,78,55,21.1
21,20.24,83,46,20.9
22,20.09,86,80,20
23,19.8,89,90,19.6
0,19.69,95,100,19.6
1,19.6,93,92,19.8
2,19.56,92,81,20
3,19.69,97,100,20.1
4,19.69,97,100,19.8
5,19.98,95,100,19.7
6,20.22,93,100,19.8
7,20.62,91,100,20.2
8,20,97,100,21.8
9,20.86,94,100,22.9
10,21.51,89,100,26.1
11,23.89,82,85,28.7
12,25.05,73,75,32.6
13,25.85,67,69,28.3
14,27.45,60,61,28.9
15,26.98,61,59,32.1
16,26.91,61,56,28.9
17,27.12,60,50,31.2
18,26.99,59,38,29.5
19,25.98,65,29,25.4
20,21.6,94,30,22.9
21,21.31,95,13,21.8
22,22.41,83,0,21.2
23,20.44,97,0,20.6
0,20.19,98,0,19.4
1,20.92,89,0,19.7
2,21.04,85,0,19.6
3,21.11,91,0,19
4,19.31,89,0,19.2
5,19.28,73,0,17.4
6,16.92,64,0,16.7
7,17.4,48,0,17.4
8,19.19,36,0,21.2
9,20.56,30,0,24.4
10,21.43,30,0,27.8
11,21.47,26,0,30.9
12,22.61,22,0,32.4
13,23.76,20,0,33.5
14,24.44,31,0,34
15,24.44,29,0,33.3
16,24.93,32,0,32.3
17,24.07,31,0,30
18,24.02,29,0,27
19,20.98,43,0,23.5
20,20.43,41,0,19.6
21,19.63,44,0,17.8
22,18.9,49,0,16.2
23,18.52,61,0,14.2
0,18.53,59,0,13.5
1,17.97,50,0,13.1
2,17.78,56,0,12.6
3,18.34,50,0,12
4,18.33,60,0,11.5
5,17.71,55,0,10.9
6,17.47,61,0,12.3
7,18.09,58,0,17.1
8,19.44,57,0,20.4
9,19.58,51,0,23.9
10,20.84,47,0,27.3
11,24.44,47,0,31.1
12,25.56,45,0,32.8
13,26.67,45,0,32.8
14,26.97,46,0,34.3
15,27.61,42,0,34
16,27.73,40,0,33.2
17,27.59,46,0,32.3
18,26.98,48,0,30.3
19,24.75,55,0,27.2
20,23.33,69,0,23.6
21,23.33,75,0,21.8
22,24.2,68,0,21.4
23,24.44,59,0,20.7
0,25,59,0,21.2
1,24.22,58,0,23.1
2,23.58,73,0,22.9
3,23.02,77,45,22.5
4,22.16,80,0,21.6
5,21.91,82,16,21.4
6,22.53,78,21,21.2
7,23.09,78,26,23.4
8,23.39,76,34,26
9,24.2,76,0,28.5
10,25,73,0,29.3
11,26.09,58,0,28.8
12,24.63,54,75,25.4
13,26.84,47,58,22.7
14,20.95,88,90,20.7
15,22.29,88,75,23.3
16,23.35,60,75,25.4
17,22.82,73,75,24.6
18,21.99,73,75,24.6
19,20.3,82,75,22.9
20,20.46,82,0,20.9
21,19.46,82,0,19.8
22,19.46,93,0,18.4
23,18.93,93,0,18.2
0,18.69,93,72,17.8
1,19.76,88,63,17.9
2,18.52,96,42,17.7
3,18.27,95,35,17.7
4,17.78,96,0,17.6
5,17.72,97,0,17.3
6,18.39,89,0,18.2
7,21.18,83,0,20.3
8,23.94,75,0,24.3
9,26.19,67,0,28.6
10,28.7,59,0,33.1
11,29.5,54,0,35.7
12,29.5,47,0,38
13,32.29,41,0,39.5
14,32.84,39,0,40.4
15,32.78,37,0,39.7
16,32.2,34,5,37.7
17,30.25,43,11,34.2
18,30.49,38,18,30.8
19,26.42,48,37,27.5
20,22.71,53,64,24.5
21,20.73,53,70,19.9
22,19.38,55,100,19.3
23,18.58,57,100,18.1
0,16.84,61,94,16.6
1,15.17,65,95,15.1
2,13.82,71,76,13.6
3,13.73,59,70,11.8
4,11.91,74,0,11.5
5,11.05,77,0,11
6,12.29,71,0,11.8
7,13.95,64,0,15.5
8,15.86,59,0,19
9,17.54,51,0,25.7
10,19.75,42,0,27.2
11,19.73,38,0,30.6
12,21.43,38,0,32.6
13,21.11,52,0,33.7
14,21.44,46,0,32.7
15,21.67,47,0,30.1
16,21.36,46,0,28.6
17,20.8,51,0,27.2
18,20.21,49,0,23.4
19,18.02,58,0,19.6
20,16.91,60,0,16.9
21,16.73,62,0,15
22,16.55,64,0,14.7
23,15.5,75,0,13.9
0,14.93,78,0,13.6
1,15.04,85,0,13.1
2,16.05,74,0,13.1
3,16.05,76,0,12.4
4,16.05,79,0,12.1
5,15.81,80,0,11.9
6,16.73,76,0,13.1
7,16.83,73,0,17.9
8,19.14,69,0,21.3
9,20.56,67,0,26.4
10,22.22,64,0,27.5
11,23.7,59,49,29.5
12,24.2,56,45,31.8
13,25.06,54,35,34.3
14,26.48,49,0,35.6
15,26.98,48,0,34.9
16,27.6,35,0,33.6
17,26.73,49,0,31.6
18,25.25,57,0,29
19,22.78,70,0,25.7
20,21.91,80,0,22.6
21,21.26,84,0,20.4
22,21.05,87,0,20.2
23,20.44,92,0,19.9
0,19.79,95,0,18.8
1,20.93,85,0,18.2
2,20.74,85,0,17.6
3,20.2,78,2,16.7
4,19.82,84,4,16.4
5,19.82,82,2,16.4
6,20.8,87,1,17.5
7,22.22,79,1,21.6
8,23.89,72,1,24.7
9,24.76,67,46,28.7
10,26.18,62,98,27.5
11,27.34,57,99,32
12,27.61,58,99,34
13,28.64,51,99,33.1
14,28.08,56,96,31.9
15,26.74,60,99,29.6
16,24.44,74,100,29.1
17,25.31,64,100,26.4
18,20.31,88,100,24.1
19,20.56,93,100,22.7
20,20.25,95,100,21.8
21,19.69,96,100,21.1
22,20.19,87,100,20.2
23,19.35,88,100,18.8
0,18.02,97,100,18.8
1,17.16,98,100,18.4
2,16.6,98,100,17.6
3,16.36,98,94,17.1
4,16.05,98,78,16.9
5,15.18,93,58,16.3
6,15.8,81,53,15.4
7,18.09,65,42,18.4
8,20,55,34,22.3
9,22.29,46,35,29.2
10,22.46,36,18,31.2
11,26.17,36,0,34
12,27.3,30,0,36
13,27.47,29,0,38
14,27.83,25,0,39.2
15,28.15,28,0,36.7
16,26.3,39,0,36.1
17,24.69,41,0,32.5
18,24.92,36,0,25.9
19,22.71,47,3,23.4
20,21.85,59,8,22.2
21,22.02,66,27,20.1
22,21.16,66,84,20
23,21.08,61,87,18.7
0,20.04,74,88,18
1,18.38,77,86,17.5
2,16.36,82,69,16.3
3,16.36,81,75,15.8
4,14.63,82,55,15.1
5,13.82,83,61,14.2
6,14.44,77,44,13.8
7,15.87,64,33,15.7
8,17.78,45,26,19.3
9,18.89,43,17,25.3
10,19.44,43,72,25.3
11,20,41,67,26.7
12,20.18,35,72,27
13,19.72,48,20,26.7
14,20.25,43,80,27.2
15,19.68,42,78,25.6
16,20.8,39,48,24.5
17,19.69,42,74,24.4
18,19.13,42,83,23.3
19,18.02,43,87,21.2
20,17.16,63,100,17.6
21,15.8,66,100,15.8
22,15.25,70,100,14.7
23,14.38,71,100,13.7
0,13.82,74,89,12.8
1,13.27,76,68,12
2,12.09,83,55,11.2
3,11.29,77,41,10.6
4,10.74,75,0,9.9
5,10.75,71,0,9.2
6,11.91,64,0,9.1
7,13.95,57,0,12.6
8,16.17,52,0,16.6
9,18.08,45,0,20.8
10,18.64,45,0,24.9
11,19.75,41,0,28.9
12,19.68,34,0,32
13,20.62,39,0,34.4
14,21.18,36,0,34.2
15,20.31,49,0,34.1
16,19.69,52,0,32.3
17,19.44,53,0,27.7
18,18.27,57,0,24.2
19,16.91,61,0,21
20,15.56,63,0,17.1
21,15.57,61,0,14.8
22,14.44,69,0,13.6
23,14.81,69,0,12.8
0,14.85,65,0,11.7
1,14.65,63,0,11
2,13.68,81,0,10.7
3,13.9,72,0,10.3
4,13.91,68,0,9.9
5,13.72,72,0,9.7
6,15.93,69,0,10
7,16.98,72,0,15
8,18.08,68,0,20.1
9,19.52,63,0,24.4
10,19.28,53,0,27.2
11,21.67,48,0,30.9
12,22.78,44,0,32.8
13,23.89,41,0,34.7
14,22.78,38,0,35.6
15,22.23,36,0,34
16,23.33,27,0,31.2
17,22.53,27,0,29.1
18,21.54,33,0,26.5
19,19.44,50,0,22.5
20,18.58,49,0,18.6
21,17.22,64,0,16.5
22,16.91,72,0,15.3
23,16.56,81,0,14.6
0,16.77,85,0,14.1
1,17.71,79,0,14.3
2,17.71,73,0,13.7
3,17.4,76,0,14.2
4,16.54,80,0,14.5
5,16.37,77,0,14.3
6,18.03,75,0,14.8
7,19.2,69,0,18.6
8,20.86,65,0,22.5
9,21.73,60,0,25.8
10,23.16,56,0,28.7
11,23.89,57,0,31.8
12,23.89,47,0,33.5
13,24.44,40,0,35
14,25.56,34,0,35
15,25.87,35,10,33.9
16,25.31,36,65,33.4
17,25.06,41,69,31.4
18,23.33,53,69,28.5
19,20.8,70,62,24
20,20,73,57,20.6
21,19.68,72,52,18.9
22,20.25,80,0,18.2
23,19.82,77,0,17.9
0,19.69,82,0,17.8
1,19.93,74,0,17.3
2,19.13,77,5,17.7
3,18.27,83,12,17.5
4,18.14,78,11,16.7
5,17.41,89,5,16.4
6,18.89,82,5,17.1
7,20.31,76,4,20.5
8,21.67,74,15,24
9,21.25,68,14,28
10,22.05,60,4,30.9
11,25.06,58,11,33.8
12,25.87,47,29,36.3
13,26.67,43,22,36.9
14,25.81,35,18,35.5
15,27.22,34,11,35
16,26.98,39,86,35.1
17,25.93,47,92,32.9
18,24.44,60,85,28.4
19,22.53,68,64,26.3
20,21.36,77,51,22.4
21,20.95,74,47,20.4
22,20.24,84,0,19.4
23,20.22,85,0,18.7
0,19.69,88,0,18.4
1,19.38,92,0,18.1
2,18.76,95,0,18.2
3,18.44,96,0,17.7
4,20.28,83,0,17.3
5,18.78,97,0,17.4
6,20.49,87,0,18.8
7,22.53,77,3,22.2
8,23.42,71,3,26.6
9,24.76,68,3,30
10,25.87,63,41,33.5
11,26.97,62,21,36.8
12,27.78,60,14,38.4
13,28.09,60,11,31.3
14,29.75,50,8,38.5
15,30.87,43,1,38.7
16,31.11,37,1,36.6
17,31.67,31,0,35.2
18,31.04,31,0,32
19,29.87,45,75,30.9
20,26.05,56,18,26.3
21,24.8,63,0,24.1
22,25.27,55,0,22.3
23,23.22,79,32,22
0,22.88,80,54,22
1,22.89,77,46,20.8
2,22.71,69,41,19.8
3,20.91,88,0,18.7
4,22.97,77,0,18.1
5,22.49,71,0,18
6,22.33,85,0,19.4
7,24.31,75,0,21.1
8,26.72,61,0,27.7
9,28.4,51,0,32
10,27.78,46,0,35.1
11,29.75,46,0,37.2
12,31.19,41,0,38.6
13,31.2,34,0,40
14,30.86,47,0,35.5
15,31.8,36,0,38.4
16,31.18,52,0,38.2
17,30.31,52,0,35.7
18,31.34,39,0,34.7
19,31.16,35,0,29.4
20,31.07,66,0,27.6
21,27.65,61,0,25.6
22,28.19,50,0,25.9
23,27.95,46,0,26.5
0,27.48,45,11,26.4
1,25.73,64,31,25
2,25.8,59,45,24.7
3,25.98,61,36,23.7
4,22.78,71,1,23
5,23.33,68,51,23
6,23.27,72,67,22.8
7,23.02,69,75,22.6
8,20.5,72,80,22.3
9,19.35,64,75,19.1
10,17.76,68,75,18.1
11,18.9,62,87,24.1
12,22.84,41,95,27.4
13,24.61,32,100,36.1
14,27.22,26,100,36
15,27.96,22,92,34.6
16,27.78,27,0,33.9
17,28.05,22,0,31.2
18,27.22,25,0,30.1
19,23.33,34,0,24.9
20,24.47,27,0,22.3
21,22.28,43,0,18.3
22,22.84,32,0,16.9
23,22.52,26,0,15.5
0,18.79,67,0,15.4
1,18.81,71,0,14.2
2,18,76,0,14
3,16.87,81,0,12.7
4,16.96,76,0,12.6
5,16.14,81,0,11.7
6,18.86,81,0,12.5
7,22.78,54,0,20.7
8,24.44,38,0,24
9,25,40,0,29.9
10,25.56,46,0,30.7
11,27.78,38,0,33.8
12,27.96,28,0,34.6
13,28.85,21,0,34.8
14,30.56,29,0,35.2
15,30,29,24,35.1
16,30.73,23,61,34.1
17,30,35,100,33.8
18,27.22,48,100,32
19,26.11,57,98,27.5
20,24.44,71,85,25.4
21,22.78,79,92,22.6
22,22.22,86,87,21.8
23,22.14,75,90,21.5
0,22.04,73,94,21.7
1,22.78,69,97,21.5
2,22.22,75,97,21.7
3,20.56,79,98,19.2
4,15.56,92,100,18.1
5,15,89,100,16.1
6,15.86,81,100,15.8
7,15.2,100,90,15.9
8,15.7,93,90,16
9,18.89,81,92,22.3
10,21.67,71,42,25.9
11,20.56,70,71,24.1
12,21.49,56,75,23.8
13,21.67,59,85,27.7
14,23.33,50,88,29.9
15,24.44,45,74,31.6
16,23.33,49,100,28.3
17,23.33,43,65,26.9
18,23.89,33,44,26.2
19,20.56,55,33,21.6
20,21.48,40,0,20
21,19.44,59,0,16.7
22,18.56,63,0,15.8
23,17.48,67,0,14.4
0,17.08,67,0,14.3
1,15.84,76,0,13.6
2,16.7,72,0,13.2
3,15.35,87,0,13.1
4,15.07,87,0,13.4
5,17.08,77,0,14.3
6,17.78,79,0,15.2
7,20,67,0,21
8,21.67,58,0,23
9,21.59,53,0,27.6
10,22.78,52,0,28.7
11,23.89,52,0,33.9
12,25.07,35,0,34.2
13,25.52,38,0,26.4
14,25.56,39,0,28.8
15,26.67,36,0,34.7
16,26.67,38,0,34.1
17,26.67,39,0,30.4
18,26.11,40,0,29.2
19,24.44,48,0,24.3
20,25.21,39,0,22.7
21,24.8,36,0,20.5
22,22.22,66,0,20.3
23,22.22,63,0,20.5
0,21.11,61,0,20.1
1,20.56,60,0,18.5
2,20.56,63,12,18.1
3,19.44,66,29,17.3
4,18.33,73,100,17.5
5,17.78,76,100,18.1
6,18.33,73,99,18.1
7,18.89,71,100,18.9
8,17.78,81,96,19.1
9,18.66,77,75,19.2
10,20.05,59,87,19.8
11,21.8,46,95,23.5
12,22.27,41,98,24
13,22.51,41,100,29.3
14,22.97,41,100,28.9
15,22.22,47,100,30.6
16,21.67,46,92,29
17,21.11,44,93,25.8
18,20,46,78,24.2
19,17.78,55,69,18.6
20,16.67,57,58,17.2
21,16.67,59,35,14.9
22,16.67,61,0,14.4
23,16.51,63,0,13.4
0,16.67,65,0,13.2
1,16.67,67,0,12.9
2,16.11,67,0,13
3,16.27,65,0,12.3
4,14.44,76,0,11.8
5,16,77,0,11
6,17.78,62,0,12.3
7,20,55,0,20.3
8,21.11,51,0,22.9
9,21.67,47,0,28.2
10,22.78,45,0,29.9
11,23.33,38,0,33.6
12,25,26,0,33.6
13,25.14,25,0,36.7
14,25.74,22,0,38.4
15,28.89,19,0,37
16,27.78,27,0,36
17,27.78,24,0,32.5
18,26.67,25,0,30.7
19,23.33,45,0,23.1
20,21.11,54,0,21.2
21,21.17,52,0,17.6
22,21.48,49,0,16.8
23,20.8,64,0,15.6
0,21.06,54,0,15.3
1,21.18,53,0,13.8
2,19.32,72,0,13.5
3,19.44,87,0,13.4
4,20,89,0,13.5
5,20.06,85,0,13.3
6,20.56,86,0,13.8
7,22.22,82,0,18.3
8,22.78,78,3,23.7
9,23.89,76,7,27.3
10,25.56,71,15,30.2
11,27.22,62,7,34
12,28.33,52,5,37.4
13,30.56,36,4,38.7
14,30.41,28,4,40.9
15,31.67,40,14,40.7
16,31.11,39,0,38.8
17,31.11,25,0,36.4
18,30.83,22,0,34.2
19,29.06,24,0,30.8
20,23.33,74,0,26
21,23.67,67,0,23.1
22,23.93,63,0,21.4
23,24.25,59,0,20.5
0,23.52,69,0,19.5
1,23.32,69,0,19.3
2,23.1,66,0,19.3
3,23.27,59,0,18.5
4,20.52,82,0,17.6
5,21.59,68,0,17
6,20.56,92,0,17.4
7,23.33,76,0,21.1
8,25.56,68,0,25.1
9,27.22,60,17,28.5
10,28.89,47,19,32.4
11,28.79,43,31,35.4
12,30.01,35,53,38.5
13,31.19,28,69,38.4
14,31.85,25,78,35
15,31.67,36,86,34
16,32.22,36,100,33.9
17,32.22,35,60,36.1
18,30.56,38,55,32.9
19,28.33,47,43,30.2
20,27.39,49,40,27
21,26.11,63,47,25.1
22,26.11,61,0,24.4
23,25,65,38,23.7
0,25.15,58,46,23
1,23.33,75,66,22.6
2,20.56,88,73,22.1
3,20.32,93,90,21.1
4,20,89,100,20.3
5,21.11,81,100,19.9
6,20,93,100,19.8
7,21.67,90,100,20.7
8,23.33,76,100,23.5
9,23.61,70,98,26.1
10,22.42,68,100,25.2
11,24.55,78,75,32.1
12,25.65,61,20,34.6
13,26,50,20,35.6
14,26.48,47,20,34.6
15,25.19,43,38,31.4
16,25.11,40,19,30.3
17,21.67,53,0,27.3
18,20.56,57,0,22.7
19,20.19,57,39,19.6
20,19.44,54,4,18.3
21,18.52,55,54,17.8
22,18.15,59,97,16.6
23,17.04,60,48,15.7
0,16.3,61,32,14.6
1,15.56,65,24,14.1
2,14.81,65,17,13.1
3,14.26,66,14,12.3
4,13.71,70,0,11.6
5,13.5,68,0,11.3
6,13.14,70,0,11.5
7,13.47,66,0,14
8,16.12,62,0,17.1
9,17.4,54,0,17.7
10,18.33,48,0,19.6
11,19.34,42,0,20.4
12,19.3,52,75,21.5
13,20.64,48,40,25.3
14,22.29,39,0,24.6
15,23.89,38,0,25.2
16,24.52,32,0,22.6
17,24.72,27,0,22.8
18,24.22,26,0,25
19,23.27,28,0,21.2
20,20,43,0,18.2
21,20,38,0,16.8
22,19.05,37,0,13.7
23,16.86,52,0,12.2
0,15.75,57,0,11.4
1,14.99,59,0,10.5
2,14.26,62,0,9.4
3,13.51,64,0,9.2
4,13.17,59,0,8.1
5,12.42,65,0,7.6
6,13.51,65,0,9
7,13.32,59,0,12.4
8,14.59,50,0,18.6
9,20.06,47,0,22
10,21.98,40,0,25.2
11,22.3,34,0,27.4
12,24.24,28,0,30.3
13,25.75,32,0,32
14,26.36,31,0,32.9
15,26.44,43,20,33.2
16,25.76,23,0,32.8
17,25.17,29,0,32.1
18,22.17,60,0,29.6
19,21.76,53,0,23
20,20.81,51,0,19.9
21,19.48,54,0,18.3
22,18.91,58,0,17.4
23,18.16,85,0,16.9
0,18.47,80,0,16.7
1,18.73,69,0,16.2
2,18.81,60,0,15.9
3,19.43,74,0,15
4,19.08,61,0,14.8
5,17.89,81,0,15
6,18.27,68,0,16.3
7,21.18,61,0,20.9
8,21.45,51,0,26.1
9,25.56,45,0,30
10,25.33,37,0,33.2
11,26.73,44,0,36.5
12,28.39,39,0,39.4
13,29.51,39,0,39.4
14,29.75,35,0,38.9
15,30.06,31,0,36
16,30.31,28,0,36.5
17,29.44,29,0,34.3
18,28.83,33,0,35.6
19,26.36,43,0,28.1
20,26.39,36,0,24.2
21,25.36,59,0,21.9
22,22.64,74,0,20.3
23,23.48,59,0,20.5
0,22.67,69,0,20.5
1,23.89,48,0,19.7
2,23.47,47,0,19.6
3,21,68,0,19.2
4,21.29,67,0,18.5
5,20.36,74,0,18.4
6,20.96,63,0,19.4
7,23.4,61,0,23.6
8,24.19,53,0,27.7
9,25.31,52,0,30
10,27.3,46,0,32.6
11,27.78,42,0,35.6
12,28.94,37,0,37.1
13,31.67,30,0,39.3
14,31.11,29,0,39.4
15,31.11,30,0,39
16,31.11,30,0,37.2
17,30.89,27,0,36.6
18,29.44,35,0,37.9
19,26.98,42,0,29.1
20,26.26,42,0,24.8
21,23.64,60,0,22.5
22,22.78,65,0,20.9
23,22.47,74,0,20.1
0,22.22,75,0,19.7
1,23.09,62,0,19
2,22.71,68,0,20.6
3,21.86,77,0,20.6
4,21.95,68,0,19.6
5,21.05,84,0,19.3
6,22.22,78,0,19.6
7,23.09,74,0,21.8
8,24.19,70,0,27.8
9,25.36,63,0,29.4
10,27.6,54,0,32.8
11,27.47,48,0,34.8
12,30.56,49,0,38.7
13,30.37,40,0,39.4
14,30.64,37,0,40.3
15,31.05,30,0,38.3
16,33.33,31,0,38.6
17,31.11,39,17,37.8
18,29.44,48,21,35.2
19,28.15,47,21,31.6
20,24.51,66,31,24.5
21,24.21,65,31,23.6
22,23.64,78,1,22.2
23,23.89,78,1,21.9
0,24.2,72,1,21.4
1,23.89,73,0,21
2,23.02,79,0,22.1
3,22.47,83,2,22.1
4,22.47,84,0,21.8
5,22,82,23,21.6
6,22.53,85,64,22.1
7,22.07,84,68,23
8,24.19,78,79,27.6
9,24.75,75,80,28.8
10,25,74,100,31.1
11,26.67,69,94,31.5
12,27.78,63,96,36.4
13,28.09,56,97,35.9
14,27.59,58,98,34.4
15,27.85,57,95,33.4
16,27.29,64,100,31.9
17,26.42,69,100,31.3
18,25.87,66,100,29.3
19,25.56,70,93,28.1
20,25.1,67,93,24.4
21,23.89,77,95,23.8
22,23.58,82,100,22.3
23,23.33,82,67,22
0,23.97,75,63,21.3
1,23.79,74,65,21.2
2,23.33,83,53,22
3,22.92,80,49,21.9
4,22.34,79,11,21.2
5,21.72,81,3,21.1
6,22.53,82,0,22.1
7,23.95,78,0,23.6
8,24.75,73,0,28.5
9,25.62,70,1,29.6
10,25.25,66,1,33.3
11,27.28,65,0,35.2
12,27.78,61,0,36.9
13,28.02,53,0,37.2
14,28.86,46,0,37.9
15,29.39,41,0,38.1
16,29.28,41,0,35.8
17,26.98,60,0,35.2
18,25.8,63,0,31.1
19,24.13,71,0,27.9
20,23.33,73,0,23.1
21,23.33,73,0,22.6
22,23.33,75,0,22.1
23,23.38,72,0,22.1
0,23.59,67,0,21.9
1,23.02,73,0,22
2,22.47,76,0,21
3,21.91,80,0,20.7
4,21.36,82,0,20.1
5,20.8,86,0,20
6,21.42,83,0,21.2
7,22.53,78,0,22.9
8,23.94,73,0,27.9
9,24.2,68,0,28.1
10,25.62,64,0,31.8
11,25.92,56,0,34.5
12,27.61,49,0,36.4
13,28.09,48,0,37.4
14,28.57,41,0,37.1
15,29.44,49,0,36.9
16,28.89,55,0,35.7
17,28.89,57,0,35.7
18,27.78,62,0,33.1
19,26.11,72,0,29.3
20,24.44,77,0,24.7
21,23.89,85,18,23.9
22,23.89,86,8,22.9
23,25.56,75,28,22.7
0,25,76,48,23.8
1,24.44,81,55,23.7
2,23.33,85,93,22.9
3,23.33,86,88,22.7
4,23.03,83,84,22.4
5,22.78,86,89,22.3
6,23.33,84,86,23.3
7,24.44,81,87,24.2
8,23.86,78,87,28.3
9,25.56,76,92,28.5
10,27.78,67,31,32.7
11,28.33,65,22,34.4
12,30,59,16,38.1
13,31.11,56,12,38.8
14,31.67,51,4,39.3
15,31.67,51,13,38.8
16,30.56,51,24,37.4
17,30.12,48,21,35
18,27.22,68,14,29.7
19,25.56,73,10,27.5
20,25.18,71,10,24.5
21,24.45,74,8,24
22,24.2,78,100,23.3
23,24.2,79,0,23.4
0,24.44,80,0,23.6
1,24.47,74,0,23.1
2,22.15,85,100,21.7
3,21.91,84,91,21.4
4,21.91,86,24,21.1
5,22.53,86,55,21.2
6,24.13,79,65,21.8
7,23.57,77,67,23.3
8,26.11,74,64,30.4
9,26.73,69,64,31.9
10,27.78,68,37,35.6
11,28.4,67,25,37.8
12,28.69,58,23,35.8
13,30.67,60,25,31.8
14,30.32,62,20,35.2
15,30.56,62,28,37.5
16,30.31,62,1,39.2
17,30.56,58,47,33.7
18,29.07,70,50,31.1
19,29.22,58,54,28.5
20,25.24,79,54,25.3
21,24.69,83,45,24.6
22,24.38,85,0,23.2
23,24.06,91,0,23
0,25.74,81,0,22.5
1,25.37,83,0,22.1
2,25,81,0,21.4
3,24.81,84,0,21.5
4,25.18,83,0,21.4
5,25.37,81,0,21.4
6,23,83,75,19.3
7,21.44,73,40,19.1
8,22.29,72,20,19.4
9,19.65,88,75,22.5
10,20.65,77,75,21.4
11,20.7,68,75,20.9
12,23.36,51,87,26.8
13,21.29,64,20,27.6
14,26.43,32,83,30.6
15,27.83,24,77,31.4
16,27.78,26,0,29
17,26.29,16,0,28.1
18,25.76,30,20,25.2
19,24.26,29,0,23.3
20,25.03,23,0,19.1
21,24.01,21,0,19
22,22.54,24,0,17.8
23,20.39,37,0,17.1
0,19.26,38,0,16.1
1,18.5,42,0,14.8
2,14.31,68,0,14
3,14.62,66,0,12.3
4,14.27,66,0,11.8
5,13.9,60,0,11
6,13.33,73,0,10.2
7,16.72,60,1,13.9
8,16.93,50,6,17.7
9,21.18,35,19,22.9
10,23.94,32,0,26
11,25.37,27,0,26.3
12,25.51,22,0,30.9
13,27.28,25,0,31.8
14,27.84,25,0,33.9
15,28.64,23,0,34.8
16,29.18,24,0,33.4
17,29.08,11,0,33.4
18,28.89,11,0,31.9
19,27.59,25,0,29.1
20,26.12,28,0,24.3
21,24.45,47,0,20.4
22,24.44,51,0,18.9
23,23.89,43,0,19.2
0,23.51,41,0,19.4
1,23.31,41,0,18.9
2,22.16,43,0,18.6
3,21.39,41,0,18.1
4,21.13,37,0,17.2
5,18.96,72,0,15.8
6,18.87,67,0,16.6
7,20.91,63,0,19.5
8,24.31,47,0,24.9
9,26.19,44,0,29.2
10,26.59,33,30,31.4
11,29.15,36,0,33.7
12,30.43,37,0,35.6
13,31.31,30,20,36.3
14,32.48,29,75,37.4
15,33.75,27,75,37.9
16,33.08,27,75,35.5
17,32.98,10,2,35.1
18,31.07,21,4,32
19,26.85,65,5,28.7
20,25.86,57,5,25.2
21,24.81,66,3,22.6
22,24.24,69,0,21.4
23,23.7,70,0,20.8
0,22.81,62,0,20.2
1,22.04,59,0,19.6
2,22.78,60,0,19
3,22.1,59,0,18.4
4,21.56,59,0,18
5,21.22,57,0,17.8
6,20.98,54,0,18.3
7,24.97,63,0,21.7
8,24.12,52,0,26.1
9,24.84,42,0,29
10,26.27,34,0,31.9
11,27.8,30,0,35.4
12,29.04,26,0,37.4
13,33.33,41,0,39.4
14,33.53,12,0,39.5
15,33.4,54,20,39.2
16,32.56,39,10,37.5
17,31.53,33,4,35.7
18,29.91,48,20,34.8
19,28.99,44,10,31.3
20,27.22,73,0,26.9
21,26.47,73,0,24.2
22,26.04,61,0,22.6
23,26.3,69,0,22
0,26.29,63,0,21.5
1,26.11,59,0,20.9
2,25.18,54,0,21.4
3,24.81,57,0,21.4
4,24.06,61,0,20.8
5,23.33,65,0,20.2
6,24.25,66,0,19.9
7,24.79,64,0,23.2
8,24.98,61,0,26.8
9,26.29,59,0,29.8
10,27.76,56,0,31.4
11,28.9,29,19,34.9
12,28.79,32,19,38.1
13,30.92,50,30,38.4
14,29.24,51,0,38.6
15,32.05,20,35,35.2
16,31.83,50,100,36.8
17,31.09,39,100,34
18,29.24,56,100,30.6
19,27.19,69,99,27.6
20,24.81,71,98,24.5
21,23.69,75,98,22.5
22,23.5,76,100,21.7
23,22.96,79,100,21
0,23.51,66,100,20.6
1,24.23,59,97,20.4
2,23.86,60,96,20.8
3,23.33,70,97,20.7
4,22.77,74,100,20.5
5,22.04,75,100,20.4
6,22.77,76,100,20.7
7,23.5,74,100,22.1
8,24.24,73,100,24.6
9,26.1,70,100,27.7
10,27.02,65,100,32.5
11,26.68,69,75,35.3
12,29.64,33,100,37.5
13,27.88,78,40,37.5
14,28.55,61,40,39.5
15,28.15,69,40,39.4
16,27.27,78,20,37.2
17,26.68,74,20,34.6
18,27.2,66,18,32.7
19,26.58,61,25,27.7
20,24.25,73,42,24.1
21,23.86,72,46,22.6
22,23.15,79,60,21.7
23,22.59,81,67,21.1
0,22.04,85,62,21
1,22.04,86,74,21.7
2,21.89,86,67,22.2
3,22.59,87,26,22.3
4,22.77,87,9,22.1
5,22.59,88,19,22.1
6,22.77,87,19,22.1
7,23.84,83,20,23.7
8,25.92,75,53,26
9,27.2,72,60,28.8
10,28.69,66,84,32
11,29.63,47,64,32.4
12,27.95,74,20,35.1
13,30.91,59,35,38
14,29.3,39,28,36.8
15,29.69,42,31,34.2
16,25.48,65,75,27.3
17,24.69,61,75,22.7
18,22.59,92,81,23
19,22.22,85,85,21.8
20,21.86,83,88,21.7
21,22.23,85,95,21.7
22,22.41,87,21,21.6
23,22.41,88,23,21.5
0,22.97,82,31,21.4
1,23.31,83,30,22.3
2,23.33,84,6,22.4
3,22.69,86,7,22.6
4,22.24,85,56,22.6
5,21.49,86,77,22.1
6,20.8,100,90,21.9
7,20.19,86,88,22
8,19.82,84,79,22.1
9,20.56,82,62,22.9
10,21.13,77,79,25.1
11,21.36,78,75,26.4
12,23.06,67,65,26.4
13,24.44,64,52,30
14,23,64,75,28.8
15,24.42,56,65,28.1
16,23.65,60,75,26.6
17,25,61,39,26.7
18,25,58,30,26.4
19,23.89,63,33,25.7
20,24.16,56,30,22.5
21,21.67,75,22,20
22,21.11,78,0,19.9
23,21.05,81,0,19.5
0,20.56,84,0,19.9
1,20,84,0,19.6
2,19.38,90,0,18.9
3,19.08,93,3,18.2
4,19.13,92,0,18
5,18.4,87,2,17.3
6,17.65,84,13,17.4
7,20.07,79,24,22.3
8,21.48,71,67,23.8
9,22.59,63,69,28.1
10,24.27,59,99,29.5
11,26.42,50,79,34.8
12,26.34,47,68,34.4
13,30.31,34,42,37.5
14,31.42,30,34,36.4
15,32.22,29,28,37.1
16,31.53,26,14,36.6
17,33.58,29,0,35.3
18,32.72,29,0,33.9
19,31.05,33,0,29
20,28.06,45,0,27
21,26.98,51,0,22.8
22,28.34,34,0,21.7
23,28.15,33,0,21.1
0,25.03,68,0,20.1
1,22.78,53,4,19.7
2,21.67,74,11,20.4
3,20.56,81,10,19.7
4,20.56,83,0,19.6
5,19.44,85,37,18.3
6,20,84,51,18.7
7,19.44,85,38,20
8,21.11,77,16,22.1
9,21.11,77,14,26.9
10,22.67,62,7,28.4
11,26.31,73,40,32.3
12,27.7,73,20,34.2
13,28.3,69,0,35.8
14,29.58,57,0,35.2
15,30.15,50,20,35.4
16,30.16,50,20,34.1
17,29.28,61,20,30.2
18,26.92,78,0,30.6
19,25.25,78,0,24.4
20,25.08,38,0,23.1
21,23.89,44,26,21
22,22.45,53,0,20.6
23,21.76,68,0,19.6
0,21.48,78,0,19
1,20.48,75,38,18.9
2,21.88,78,90,18.6
3,21.2,83,90,18.7
4,20.57,78,95,18.3
5,21.36,78,90,18.6
6,21.56,73,90,19.2
7,20.93,88,0,20
8,22.01,88,0,22.2
9,21.79,77,75,23.7
10,24.19,64,90,22.1
11,24.58,64,90,24.6
12,24.34,54,95,29.8
13,25.65,60,40,32.8
14,26.92,60,75,34.6
15,27.32,64,75,36.2
16,26.95,57,20,36.3
17,27.01,57,20,33
18,25.87,60,20,31.6
19,25.71,54,13,26.7
20,24.6,57,0,23.5
21,24.12,60,20,21.9
22,23.44,68,0,20.9
23,23.44,73,0,20.1
0,23.46,64,0,20
1,23.63,59,0,19.7
2,23.33,64,0,19.3
3,22.59,66,0,18.6
4,22.23,66,0,18.5
5,21.86,67,0,18.1
6,22.78,67,0,17.9
7,24.8,72,0,21
8,26.1,69,0,25.9
9,26.04,55,0,29.7
10,29.25,61,0,32.5
11,30.17,60,0,36.3
12,31.67,38,0,39.3
13,32.6,60,0,40.7
14,32.24,45,0,42.3
15,30.43,74,20,41.8
16,29.55,74,20,40.7
17,30.36,55,10,39.3
19,28.13,72,19,35.7
20,27.02,73,16,35.9
21,26.25,67,16,28.1
22,27.41,72,73,25.8
23,28.15,62,0,25.3
0,26.11,67,91,25.7
1,26.61,62,92,26.6
2,21.03,100,75,23.7
3,18.91,94,90,20.1
4,18.49,94,90,18.1
5,18.41,100,90,18
6,18.52,100,90,18.2
7,19,94,90,18.5
8,19.69,83,90,18.8
9,22.78,72,74,19.1
10,24.65,71,98,19.4
11,19.65,94,90,19.7
12,20.35,94,90,20.4
13,20,94,90,21.9
14,21.3,88,90,22.4
15,21.95,88,75,22.7
16,22.3,88,75,27.3
17,25.47,72,87,24.3
18,23.65,83,75,24.8
19,24,78,75,27.3
20,24,69,0,23.9
21,22.46,83,0,22.6
22,22.41,66,100,21.3
23,21.11,64,100,21
0,20.49,67,100,20.5
1,19.38,70,100,19.8
2,18.03,76,23,18.3
3,17.16,69,23,17.2
4,16.05,78,2,15.9
5,14.92,74,21,14.3
6,15.23,71,47,13.2
7,16.73,59,57,15.6
8,18.33,51,56,19
9,19.44,40,64,21.9
10,20.13,32,82,24
11,22.47,38,100,25.7
12,24.2,35,100,30
13,23.58,40,86,33.9
14,24.19,39,69,32.8
15,24.3,32,63,33
16,24.13,47,0,31.9
17,23.28,49,0,29.7
18,22.16,52,0,29.5
19,20.8,54,0,21.3
20,19.69,58,0,19.7
21,19.07,62,0,17.3
22,19.82,62,0,16.3
23,19.82,57,0,14.9
0,19.26,63,0,14.8
1,19.18,56,0,14.1
2,18.94,53,0,14
3,18.58,70,0,15.1
4,18.48,60,0,15.7
5,17.1,74,8,16.1
6,18.33,71,14,15
7,18.59,59,14,16.5
8,21.97,43,12,22.2
9,22.84,35,17,27
10,24.2,31,0,30
11,23.94,29,0,32.5
12,25.87,30,0,34.4
13,25.79,25,0,36.3
14,25.86,31,0,36
15,25.62,24,0,36.3
16,25.87,16,0,35.3
17,25.31,26,0,32
18,24.13,35,0,30.5
19,21.91,53,0,26.8
20,20.86,60,0,22.3
21,20.56,62,0,19.9
22,21.36,64,0,18.3
23,21.36,56,0,17.3
0,20.8,61,0,17.4
1,20.56,63,0,18.2
2,19.91,63,0,18.7
3,19.13,68,0,18.2
4,18.58,70,0,17.8
5,18.58,69,0,17.3
6,19.2,64,0,16.8
7,20.31,63,0,19
8,21.42,60,0,23.1
9,22.53,56,0,26.2
10,22.5,49,0,28.9
11,25.25,46,0,30.9
12,25.29,38,0,33.5
13,27.53,35,0,35.4
14,27.28,38,0,36.6
15,27.62,42,0,37
16,26.73,49,0,36.6
17,26.11,54,0,34
18,24.69,60,0,31.3
19,23.33,72,0,27
20,23.03,73,0,23.5
21,23.33,73,0,21.8
22,23.82,69,0,21.4
23,23.58,58,0,21.7
0,23.42,56,0,22.7
1,22.59,57,0,22.2
2,21.67,70,0,21.7
3,21.36,71,0,21.2
4,21.11,73,1,20.9
5,20.56,75,37,20.6
6,20.8,76,54,20.6
7,20.42,91,50,20.6
8,22.22,74,49,21.9
9,22.84,71,57,26.8
10,23.08,71,100,26.9
11,22.99,68,90,27.7
12,23.23,65,0,26.9
13,25.37,55,38,26.4
14,22.28,78,99,26.7
15,23.81,69,99,26.3
16,22.04,78,75,25.8
17,24.38,65,87,25.2
18,22.04,79,100,24.3
19,22.22,81,100,23.8
20,21.73,85,100,23.5
21,21.36,91,97,22
22,21.98,88,69,21.5
23,21.72,84,67,21.5
0,23.14,74,68,20.9
1,22.04,88,53,21.1
2,21.97,91,69,21.2
3,21.67,94,60,21.7
4,21.67,96,10,21.5
5,21.11,95,22,21
6,21.11,95,40,21.1
7,21.98,94,49,21.7
8,23.44,85,27,23.1
9,24.2,83,29,25
10,26.36,75,54,29.1
11,28.33,64,58,32.7
12,29.44,58,56,34.9
13,29.51,52,48,35.7
14,31.42,48,51,35.8
15,30.17,66,62,34.3
16,30,59,86,35.3
17,24.44,72,66,31.8
18,22.16,83,78,23.7
19,21.36,85,92,22.1
20,21.06,86,94,21.6
21,20.8,84,95,21
22,19.39,89,100,19.9
23,18.28,83,83,18.3
0,18.02,87,99,17.9
1,16.6,87,99,17.3
2,17.01,84,98,16.1
3,16.05,92,93,16
4,15.49,94,94,15.3
5,15.49,95,61,15.1
6,16.36,91,47,15.1
7,16.27,87,42,17.1
8,18.89,77,22,20.3
9,19.44,72,18,21
10,20.8,64,0,24.5
11,21.92,55,0,25.3
12,22.71,52,6,25.7
13,23.58,51,24,27.3
14,23.83,48,23,27.2
15,24.06,52,20,24.7
16,25.12,44,10,27.8
17,24.69,49,0,27
18,24.38,49,7,23.4
19,22.16,54,4,23.1
20,20.99,62,17,20.7
21,19.8,71,3,18.6
22,20.2,59,0,16.9
23,19.45,62,0,15.8
0,18.89,65,0,15.1
1,18.52,67,0,14.2
2,18.04,64,0,13.8
3,16.83,75,0,13.4
4,15.94,76,0,12.5
5,14.75,87,0,11.8
6,15.23,77,0,12.3
7,18.95,70,0,16.5
8,21.11,63,0,22.4
9,24.2,53,0,27.4
10,23.16,46,0,30.9
11,27.33,35,0,35.4
12,27.6,45,0,37.8
13,27.52,35,0,37.7
14,28.33,45,0,39.7
15,28.99,35,0,40
16,29.51,30,0,38.1
17,29.59,29,0,34.6
18,28.67,30,0,33
19,27.41,34,0,28
20,25.62,40,0,24.2
21,24.95,44,0,21.7
22,24.9,44,0,20.1
23,24.59,44,0,19.6
0,24.08,44,0,18.7
1,23.68,44,0,18.3
2,23.34,45,0,18.4
3,22.24,55,0,18.8
4,21.68,68,0,18.3
5,21.9,59,0,17.7
6,21.81,54,0,18.2
7,22.23,52,0,22
8,23.56,47,0,27.3
9,24.8,43,0,31.3
10,26.37,38,0,33.5
11,28.06,32,0,37.8
12,29.68,27,0,40.4
13,31.03,25,0,42.5
14,31.92,23,0,41.8
15,32.29,22,0,41
16,32.25,22,0,40.6
17,33.08,25,0,38.8
18,32.36,24,0,37.8
19,31.12,26,0,34
20,26.42,40,0,25.3
21,25.56,47,0,23.6
22,24.69,61,96,21.7
23,24.14,67,88,22
0,24.13,70,40,21.2
1,23.83,69,30,20.7
2,23.52,69,35,20.1
3,23.69,61,34,20.4
4,23.51,68,0,20.1
5,22.78,72,0,20.1
6,22.29,74,0,19.6
7,24.75,65,0,21.4
8,25,58,0,29.3
9,28.15,43,0,30.8
10,30.07,38,0,34.7
11,31.11,38,0,36.9
12,33.33,33,0,40.9
13,32.78,37,0,41.2
14,32.28,36,0,41.2
15,31.49,34,0,41.3
16,30.86,40,0,39.5
17,28.64,45,0,37.9
18,27.22,54,0,34.2
19,25.56,56,0,30.1
20,24.44,63,0,24.5
21,23.58,64,0,23.4
22,23.64,65,0,21.5
23,24.14,70,0,21.2
0,24.13,73,0,21.2
1,23.58,71,0,21.4
2,23.03,73,0,22.1
3,22.16,73,0,21.7
4,21.3,78,0,20.1
5,20.68,83,0,19
6,21.67,77,0,18.6
7,23.09,74,0,20.5
8,24.25,69,0,27.4
9,25.38,64,0,29.5
10,26.97,61,0,33.3
11,27.22,52,0,35
12,28.71,39,0,39.1
13,28.92,36,0,40
14,30.67,41,0,40.4
15,31.24,39,0,39.9
16,30.93,39,0,38.5
17,29.5,47,0,37.1
18,29.46,43,0,34.9
19,26.11,72,0,30.3
20,26.08,65,0,25.1
21,24.2,84,0,24.4
22,23.89,86,0,23.1
23,25.31,73,0,22.9
0,25,70,0,23.5
1,24.14,76,0,23.7
2,23.03,77,0,22.3
3,23.16,70,0,22.3
4,21.91,82,0,21.3
5,21.61,82,0,21.1
6,22.22,75,0,20.9
7,22.83,73,0,22.2
8,23.64,71,0,28
9,25.38,67,0,29.9
10,24.94,62,0,33.9
11,25.65,55,0,35.4
12,28.64,55,0,38.7
13,30.06,46,0,39.7
14,30.07,38,0,41.9
15,30.66,32,0,40.5
16,31.23,40,0,40.8
17,30.06,46,0,39.2
18,29.59,42,0,33.9
19,26.11,67,0,30.9
20,24.75,74,0,25.1
21,24.73,69,0,24.2
22,24.86,70,0,23.2
23,25.86,66,0,23.1
0,25.56,73,0,23.4
1,25.25,77,0,24.2
2,24.69,80,0,23.9
3,24.13,81,0,23.6
4,23.82,85,0,22.8
5,23.28,87,0,22.6
6,23.89,83,0,22.8
7,25.31,78,0,24.3
8,26.47,74,0,30.2
9,27.6,70,0,31.9
10,28.39,67,0,34.9
11,30,61,0,36.7
12,29.94,54,0,40.4
13,32.78,41,0,39.6
14,32.5,38,0,42.8
15,32.88,33,0,42.8
16,34.44,40,0,41.4
17,32.83,42,0,40.2
18,31.42,46,0,36.3
19,28.95,53,0,33
20,27.53,61,0,27.5
21,26.67,70,0,26.5
22,26.37,67,0,24.8
23,25.86,73,0,24.5
0,25.87,74,0,23.8
1,25.31,80,0,23.4
2,25,82,0,23.2
3,25.15,75,0,23.2
4,24.63,87,0,23
5,24.64,89,0,22.9
6,25.56,83,0,24
7,26.98,77,0,25.5
8,27.58,71,0,31.6
9,28.95,67,0,32.8
10,30.87,59,0,37.4
11,30.96,49,0,39
12,34.44,41,0,40.4
13,34.44,33,0,42.8
14,34.44,34,0,44.3
15,34.75,34,0,43.5
16,33.89,40,0,41.5
17,32.22,47,0,41
18,30.56,52,0,33.8
19,29.8,53,0,31.9
20,27.22,64,0,26.6
21,26.67,65,0,25.7
22,26.36,69,0,24.4
23,26.06,69,0,24.2
0,25.74,74,0,23.6
1,25.18,79,0,23.3
2,24.94,80,0,22.7
3,23.82,83,0,22.4
4,24.07,79,0,22.2
5,23.52,81,0,22
6,24.94,79,0,22.9
7,26.67,74,0,25.1
8,26.39,66,0,31.6
9,29.51,63,0,33.6
10,31.67,52,0,38.4
11,31.67,53,0,39.7
12,33.89,45,0,43.4
13,33.64,42,0,43.2
14,34.19,37,0,41.9
15,34.43,32,0,43.5
16,34.14,39,0,41
17,34.42,33,0,39.7
18,33.86,31,0,34.6
19,29.44,62,0,32.3
20,28.03,65,0,28.1
21,27.47,67,0,27.1
22,28.05,58,0,25.7
23,27.17,73,0,25.4
0,26.91,70,0,24.7
1,26.36,71,0,24.4
2,25.81,75,0,25
3,25.74,78,15,24.6
4,26.11,70,0,23.1
5,25.74,70,0,22.8
6,25.74,78,8,22.2
7,27.84,65,25,23.5
8,29.19,57,26,27.7
9,31.49,48,31,31.6
10,33.95,40,15,35.4
11,33.88,36,32,37.3
12,32.67,51,66,38.9
13,32.03,55,73,41.2
14,32.58,64,78,33.7
15,33.54,44,80,23.9
16,31.17,52,100,28.5
17,32.31,41,100,28.2
18,31.93,39,100,25.3
19,29.63,46,100,25
20,25.17,68,100,24
21,24.87,68,100,23.1
22,24.32,73,100,22.9
23,24.09,73,100,22.5
0,23.2,80,100,21.8
1,23.08,83,100,21.3
2,22.1,84,100,20.6
3,21.79,86,100,20.3
4,20.99,88,75,19.9
5,21.56,81,71,19.5
6,21.58,80,71,19.9
7,23.09,80,73,21
8,25,58,78,24
9,27.53,44,82,27.9
10,29.44,38,10,30.4
11,30.81,39,5,32.6
12,31.05,36,4,34.8
13,30.36,31,2,36.5
14,30.43,31,2,39
15,30.82,28,2,38
16,28.39,53,0,39.3
17,28.42,46,0,34.3
18,26.36,53,0,32
19,24.69,64,0,28.4
20,24.61,56,0,24.2
21,24.23,53,0,22.2
22,22.96,76,0,21.1
23,22.98,78,0,20.2
0,22.96,80,0,19.9
1,23.2,78,0,19.9
2,23.21,70,0,19.9
3,23.47,56,0,20.2
4,23.55,46,0,20.8
5,22.12,78,1,21.4
6,23.51,78,33,20.4
7,23.25,63,41,21.6
8,21.87,94,75,20.2
9,21.67,69,75,18.8
10,21.35,78,75,19.8
11,21.7,78,90,23.1
12,22.21,94,75,23.7
13,25.5,69,87,25
14,28.09,54,95,25.6
15,26.27,65,75,28.9
16,27.83,52,100,30.3
17,29.43,45,100,30.2
18,27.79,37,99,30.2
19,27.89,45,99,27.4
20,23.58,74,100,24.5
21,23.02,77,100,23.1
22,25.31,66,100,22.5
23,24.87,68,100,21.8
0,22.78,84,100,21.6
1,23.32,70,100,21.5
2,22.1,93,98,21.4
3,21.12,88,98,20.5
4,18.58,93,100,19
5,18.55,85,100,18.6
6,18.59,84,100,18.5
7,18.02,97,100,18.2
8,18.28,97,100,19
9,18.82,97,100,19.5
10,20.25,92,100,20.5
11,22.97,85,100,24
12,25.31,72,100,32
13,25.86,69,75,35.5
14,27.28,63,60,36.3
15,27.04,63,63,37.9
16,27.7,53,56,33.5
17,26.42,69,0,29.1
18,26.67,68,0,29.4
19,25.18,77,0,26.8
20,24.08,85,0,24.2
21,24.43,74,2,22.8
22,24.45,75,0,21.8
23,24.46,69,0,21.1
0,24.47,67,0,20.4
1,22.97,81,0,19.8
2,22.6,82,0,19.5
3,22.6,84,0,20.1
4,20.43,78,0,18.8
5,21.19,69,20,17.8
6,21.13,68,31,17.4
7,21.39,67,36,19.4
8,22.17,69,50,20.6
9,21.91,71,45,22
10,23.32,73,90,22
11,22.63,77,90,21.7
12,21.71,73,90,21.1
13,20.34,88,90,20.2
14,22.28,72,95,18.6
15,17.49,94,90,17.6
16,16.42,97,100,16.9
17,16.67,97,100,17.4
18,16.67,92,100,16.9
19,16.92,87,100,17
20,16.97,85,100,16.7
21,16.97,89,100,16.5
22,16.42,89,100,15.4
23,16.59,86,100,15.2
0,16.11,89,96,15.4
1,16.67,85,100,15.5
2,16.67,87,100,16
3,16.11,88,96,15.3
4,15,86,97,15.1
5,15,84,98,14.9
6,15,85,99,14.8
7,15.56,87,99,15.5
8,15.56,89,99,16.7
9,17.29,82,97,17.1
10,18.71,81,100,19.6
11,18.45,81,100,21.9
12,18.71,80,100,21.3
13,20.61,84,100,20.7
14,20,90,100,22.7
15,19.44,95,100,22.8
16,21.18,83,100,22.3
17,21.06,84,100,23
18,20.25,84,100,21.3
19,20.25,85,99,20
20,19.69,90,100,18.9
21,18.82,93,99,18.4
22,19.29,85,99,18.4
23,19.27,85,100,18.6
0,19.18,86,100,18.4
1,19.37,84,100,18.5
2,18.33,98,97,18.3
3,18.02,99,99,18.1
4,17.78,99,100,18
5,18.03,98,100,18.3
6,18.33,98,100,18.2
7,18.7,95,100,18.3
8,18.64,98,100,19.6
9,18.33,98,100,20.3
10,18.59,95,99,20.8
11,19.44,97,99,23.5
12,18.87,92,99,23.7
13,21.72,85,99,26.9
14,21.31,92,83,30.2
15,20.97,95,100,25.7
16,21.18,97,96,25
17,20.79,89,94,22.1
18,19.94,95,91,20.9
19,19.38,95,38,19.9
20,19.14,96,90,19.4
21,19.44,95,93,19.3
22,19.44,95,63,19.3
23,19.44,96,66,19.4
0,19.44,94,81,19.4
1,18.89,96,74,18.8
2,18.89,97,80,18.7
3,18.33,97,52,18.4
4,18.33,97,92,18.4
5,18.33,95,88,18.1
6,18.33,97,90,18.1
7,18.49,94,90,18.5
8,18.89,93,93,19.2
9,19.66,89,93,21.3
10,21.36,87,100,23.9
11,22.78,80,100,23
12,24.44,76,100,26.5
13,25,74,99,27.4
14,25.25,70,99,29.1
15,24.25,69,88,27.4
16,25,69,12,27.1
17,25,68,23,25.9
18,23.16,73,24,25.2
19,22.28,77,35,23.4
20,21.42,82,43,22.6
21,21.11,88,36,20.7
22,20.31,92,2,20.4
23,20,95,6,19.9
0,20,95,18,19.7
1,20,96,44,19.9
2,19.69,97,33,19.8
3,19.44,97,30,19.4
4,19.44,97,52,19.2
5,19.14,97,76,18.6
6,19.13,97,70,18.7
7,19.2,95,59,19.4
8,19.47,89,56,19.8
9,20.42,83,59,24.8
10,21.68,76,97,26.2
11,24.44,72,65,26.9
12,24.19,68,70,26
13,25.03,61,67,25.5
14,25.53,57,69,25.7
15,25.8,56,72,27.2
16,24.92,58,100,27.2
17,24.53,60,100,24.9
18,24.17,61,97,26.2
19,22.17,74,81,22.3
20,21.53,75,73,21.5
21,20.55,78,70,20.3
22,19.8,81,5,20.2
23,19.27,81,15,19.5
0,18.82,81,30,19
1,18.58,92,42,17.9
2,18.04,87,42,17.8
3,17.34,84,47,17.2
4,17.47,95,16,16.9
5,16.86,91,14,16.6
6,16.27,90,11,16.5
7,16.02,87,9,18
8,19.51,76,7,19.9
9,20.87,59,11,23.7
10,22.53,56,0,24.7
11,24.51,44,0,29.7
12,25.87,44,0,31
13,26.67,45,0,33.2
14,26.23,43,0,33.6
15,26.4,41,0,33.6
