18.83,80,100,1019,0.89,10.01,17.7
18.58,78,99,1018,1.34,10.01,17.4
18.03,82,99,1019,3.55,10.01,17.3
17.17,85,15,1019,3.35,10.01,16.4
16.6,88,8,1020,3.18,10.01,15.2
18.09,81,5,1020,0.45,10.01,15.8
18.33,82,4,1021,0.89,10.01,20.2
20.31,72,5,1022,1.79,10.01,25.5
21.67,71,1,1022,0.89,10.01,27.5
22.53,61,1,1021,0.89,10.01,33.7
23.33,58,0,1021,0.89,10.01,33.1
24.5,59,0,1020,0.45,10.01,37.1
24.2,54,0,1019,1.79,10.01,35.6
24.51,52,0,1018,0.45,10.01,35.5
22.29,62,0,1018,1.34,10.01,28.3
21.11,67,0,1018,0.89,10.01,26
18.89,75,0,1018,0.89,10.01,19.5
18.33,78,0,1019,0.89,10,18.1
18.58,83,0,1019,0.89,10.47,17.5
18.02,82,5,1019,1.34,10.47,16.9
18.27,83,0,1019,0.89,10.47,16.8
17.71,85,16,1018,0.45,10.47,16.4
17.17,88,18,1018,0.45,10.47,16.3
16.86,90,18,1018,0.45,10.47,15.1
15.66,94,9,1019,3.49,10.47,14.3
19.01,77,6,1019,3.37,10.47,14.6
19.19,78,5,1019,0.89,10.47,19.2
20,77,4,1019,1.34,10.47,23.4
21.18,70,5,1019,0.89,10.47,27.2
21.67,71,1,1019,0.89,10.47,30.6
22.29,68,1,1020,1.34,10.47,30.5
22.53,69,0,1019,1.79,10.47,32.2
22.47,70,0,1018,1.79,10.47,29.8
23.64,66,0,1018,0.45,10.47,31.6
23.4,62,9,1017,1.34,10.47,32.1
23.69,57,24,1017,0.89,10.47,31.7
22.53,54,14,1017,1.34,10.47,26.9
21.36,68,30,1016,0.89,10.47,24.9
19.69,78,46,1017,0.89,10.47,22
18.33,85,32,1017,0.45,10.41,18.4
18.27,89,1,1017,0.89,10.33,16.5
18.28,92,18,1016,0.89,10.33,16.5
18.95,87,3,1017,2.86,10.33,14.6
19.75,82,2,1017,0.89,10.33,19.2
20.56,80,1,1017,0.45,10.33,22.2
21.98,75,6,1017,0.45,10.33,27
24.51,64,0,1017,0.45,10.33,33.5
24.88,55,5,1014,0.89,10.33,34.5
20.31,80,9,1013,5.34,10.33,23.4
19.69,86,7,1013,0.89,10.33,20.4
19.38,89,45,1013,0.89,11.12,18.3
19.38,92,37,1013,4.42,11.12,18.3
19.14,91,27,1012,0.89,11.12,18.1
18.82,91,23,1012,4.26,11.12,17.9
18.83,92,32,1011,3.55,11.12,17.8
18.28,93,18,1011,3.66,11.12,16.9
18.57,92,9,1012,2.88,11.12,17.2
19.44,88,6,1012,0.45,11.12,17.6
21.11,82,5,1013,0.45,11.12,19.3
22.22,76,8,1014,1.34,11.12,23.8
23.09,73,25,1014,0.89,11.12,26.8
24.19,70,100,1013,1.79,11.12,27.1
24.75,70,100,1013,0.45,11.12,30
24.2,68,100,1012,0.61,11.12,29
24.44,68,100,1011,0.89,11.12,28.9
22.78,73,100,1012,3.7,11.12,26
22.78,76,100,1011,0.45,11.12,24.9
22.22,71,100,1011,4.48,11.12,24.4
21.05,82,100,1012,3.87,11.12,22.3
20.74,84,100,1013,4.32,10.37,21.5
20.75,87,100,1013,5,11.19,21
18.33,81,100,1014,0.89,11.19,18.8
18.02,87,100,1014,0.89,11.19,18.2
17.47,87,85,1013,0.89,11.19,17.7
17.47,86,93,1013,4.71,11.19,16.7
14.93,92,98,1015,0.45,11.19,15.1
15.61,83,78,1017,0.89,11.19,16.4
18.15,75,64,1017,0.45,11.19,21.2
20.06,71,53,1017,0.89,11.19,24.9
21.72,66,0,1016,0.89,11.19,29
22.22,63,0,1016,0.89,11.19,31.2
23.09,54,0,1016,0.89,11.19,32.3
23.64,51,0,1016,1.34,11.19,33.6
25.07,49,0,1016,0.45,11.19,34.1
24.68,43,0,1015,0.89,11.19,33.2
24.14,40,0,1015,0.89,11.19,31.1
22.47,47,0,1016,0.89,11.19,26
20.5,56,0,1017,0.89,11.19,22.2
18.18,65,0,1017,4.56,10.2,16.9
17.1,79,0,1017,5.72,10.73,15.8
16.29,86,0,1017,5.46,10.73,15.1
15.74,88,0,1017,4.25,10.73,13.9
14.59,91,0,1017,3.49,10.73,13.1
13.38,95,0,1016,2.58,10.73,12.5
14.43,90,0,1014,0.45,10.73,11.7
14.27,80,0,1013,0.45,10.73,11.3
12.69,89,0,1017,1.77,10.73,11.2
15.56,78,0,1017,1.66,10.73,15.5
18.09,70,0,1018,2.05,10.73,20.9
20.87,58,0,1017,0.45,10.73,26.4
23.08,49,0,1017,0.45,10.73,29.8
26.42,33,0,1016,0.45,10.73,35.7
25.56,32,0,1016,1.79,10.73,36.2
25.87,32,4,1015,0.89,10.73,35.5
25.73,46,45,1012,0.89,10.73,34
23.27,54,37,1015,0.89,10.73,31.5
21.86,58,56,1015,1.79,10.73,27.1
19.38,75,44,1016,0.45,10.73,19.8
18.83,78,36,1016,4.2,10.2,18.6
18.22,84,0,1017,4.48,10.06,17.7
18.19,82,0,1016,4.53,10.06,16.5
17.59,86,0,1016,4.14,10.06,15.8
16.74,90,0,1016,3.71,10.06,15.3
16.15,92,0,1015,3.36,10.06,14.9
18.34,63,0,1013,3.23,10.06,14.4
15.88,91,0,1016,3.36,10.06,14.5
17.42,63,16,1030,3.49,10.06,14.5
17.96,72,12,1016,0.89,10.06,14.8
20.31,61,12,1016,1.79,10.06,18.6
21.42,49,10,1017,1.79,10.06,22.4
22.41,50,10,1017,0.89,10.06,27.7
24.19,47,35,1016,1.34,10.06,28.2
24.2,47,46,1016,0.45,10.06,30.5
24.44,48,44,1016,0.45,10.06,32.1
25.56,46,37,1015,0.89,10.06,33
24.75,45,0,1014,0.89,10.06,31.5
24.13,47,0,1013,1.79,10.06,29.3
23.33,53,1,1013,0.89,10.06,27.1
22.17,59,1,1014,0.45,10.06,24.1
21.91,60,10,1014,0.89,10.06,21.1
21.67,65,19,1014,0.45,10.38,19.8
21.36,74,43,1015,0.45,10.14,19.1
20.8,82,42,1015,0.14,10.14,19.7
20.75,79,48,1014,2.34,10.14,18.5
20.42,71,41,1014,1.77,10.14,17.9
19.88,72,42,1013,1.33,10.14,17.2
17.97,81,21,1013,1.36,10.14,16.1
16.7,91,16,1014,0.89,10.14,15.2
16.61,93,75,1012,4.1,10.14,16
17.22,92,10,1015,0.45,10.14,16.8
18.95,85,8,1015,0.45,10.14,18.8
21.79,71,20,1015,0.89,10.14,23.8
24.5,63,0,1015,0.89,10.14,29.3
25.31,56,25,1014,1.79,10.14,32.3
25.25,51,93,1014,0.89,10.14,30.6
22.97,54,98,1015,1.34,10.14,25.3
20.5,69,98,1016,1.34,10.14,22.1
18.82,77,84,1018,0.89,10.14,19.2
17.78,78,70,1019,6.24,10.1,17.3
16.6,82,0,1020,5.53,10.08,15.5
15.99,83,0,1020,5.04,10.08,14.8
15.44,84,0,1020,4.5,10.08,14.2
14.33,87,0,1020,4.14,10.08,12.8
13.72,90,0,1020,3.91,10.08,12.2
12.57,92,0,1020,3.62,10.08,11.7
17.78,70,0,1021,0.45,10.08,14.8
19.75,62,0,1022,0.89,10.08,19.4
21.42,56,0,1022,0.89,10.08,24.2
22.53,49,0,1022,0.89,10.08,28.9
22.84,48,0,1021,1.34,10.08,31.1
23.4,43,0,1021,0.45,10.08,32.6
22.22,62,0,1021,1.79,10.08,30
21.05,63,0,1021,1.34,10.08,33.9
21.67,60,11,1020,1.79,10.08,29.2
21.11,59,35,1020,0.89,10.08,27.4
19.69,63,41,1020,0.89,10.08,25.6
17.22,68,24,1021,0.89,10.08,18.5
16.67,74,20,1022,5.5,10.21,16.5
15.75,81,0,1022,5.13,10.4,15.7
14.33,88,10,1021,3.55,10.4,13.5
14.82,76,19,1018,0.89,10.4,12.8
14.02,91,20,1021,2.99,10.4,12.1
14.66,77,1,1018,3.04,10.4,11.4
15.39,72,3,1018,0.45,10.4,11.4
15.63,88,2,1021,2.51,10.4,12.8
19.19,75,2,1022,1.79,10.4,18.2
20.31,70,1,1022,0.89,10.4,22.9
21.67,62,0,1022,1.34,10.4,29.3
22.78,52,0,1021,1.79,10.4,26.4
23.64,45,0,1021,0.89,10.4,28.1
24.2,47,0,1020,0.89,10.4,32
24.51,45,0,1019,0.89,10.4,32.7
24.75,43,0,1019,1.34,10.4,32.7
23.95,46,0,1018,2.68,10.4,29.7
22.78,53,0,1018,1.79,10.4,28.7
21.36,64,0,1018,0.89,10.4,25
20,71,0,1018,1.34,10.4,21.1
19.69,74,0,1018,0.89,10.4,19
19.69,75,0,1019,0.89,10.51,17.9
19.69,75,0,1019,0.89,10.72,17
19.69,74,0,1019,0.89,10.72,17
19.69,73,0,1018,0.89,10.72,16.8
19.13,74,0,1018,0.89,10.72,17.4
18.82,77,0,1018,0.89,10.72,17.3
18.28,79,0,1018,0.89,10.72,16.8
17.71,81,0,1019,4.91,10.72,16
17.4,85,0,1019,4.6,10.72,16
18.33,80,0,1019,0.89,10.72,16.6
19.75,74,0,1020,0.89,10.72,19.9
21.67,67,0,1020,1.79,10.72,25.8
23.33,62,0,1019,1.79,10.72,29
25,56,0,1019,0.89,10.72,30.1
23.39,72,40,1016,5.1,10.72,32.2
25.56,46,0,1018,0.89,10.72,32.9
26.49,36,0,1017,3.85,10.72,29.9
25,44,0,1017,0.89,10.72,28
23.89,52,0,1017,0.89,10.72,26.2
22.47,69,7,1018,0.89,10.72,23.9
21.91,68,25,1018,0.45,10.72,21.2
21.36,69,38,1019,0.89,11.24,19.9
21.05,72,100,1019,0.89,11.07,18.6
20.8,72,24,1019,0.89,11.07,18.4
20.19,77,17,1019,0.45,11.07,18.1
19.93,78,13,1019,0.45,11.07,17.8
19.63,74,19,1019,0.89,11.07,17.2
19.08,75,16,1019,0.45,11.07,16.8
18.51,76,0,1020,0.89,11.07,16.7
18.28,78,0,1021,4.19,11.07,16.6
19.38,77,0,1021,0.89,11.07,18.5
20.86,68,0,1021,0.89,11.07,22.2
22.54,65,0,1021,1.79,11.07,25.8
23.95,61,0,1022,0.89,11.07,30.9
25.62,51,0,1021,0.89,11.07,32.2
26.67,46,0,1020,1.79,11.07,33.8
27.78,35,0,1020,1.34,11.07,34.5
27.78,35,0,1019,1.34,11.07,34.5
28.08,34,0,1019,1.34,11.07,34.7
27.84,35,0,1018,1.34,11.07,32.7
23.33,59,0,1018,1.34,11.07,25.2
21.92,64,0,1019,0.89,11.24,20.6
21.36,68,1,1017,0.89,11.27,19.3
19.06,77,0,1018,6.34,11.27,17.7
20.56,69,0,1019,1.34,11.27,19.9
21.73,64,0,1018,1.34,11.27,22.3
28.33,38,2,1015,2.24,11.27,34.8
30.69,28,0,1012,0.89,11.27,34.5
23.71,59,0,1026,5.96,12.15,20.1
23.64,62,0,1012,0.89,12.15,20.4
22.78,74,99,1011,0.89,12.15,21.7
26.48,53,51,1008,5.81,12.15,26.9
23.28,66,69,1011,1.79,12.15,24.4
19.69,95,100,1011,0.89,11.76,19.6
19.69,97,100,1011,2.45,11.76,20.1
19.69,97,100,1011,0.89,11.76,19.8
20,97,100,1012,1.79,11.76,21.8
20.86,94,100,1012,0.89,11.76,22.9
23.89,82,85,1011,0.89,11.76,28.7
21.6,94,30,1011,1.87,11.76,22.9
21.31,95,13,1011,1.87,11.97,21.8
22.41,83,0,1026,2.25,11.29,21.2
20.44,97,0,1012,2.37,11.29,20.6
20.19,98,0,1011,2.53,11.29,19.4
21.11,91,0,1010,3.13,11.29,19
19.31,89,0,1014,0.89,11.29,19.2
16.92,64,0,1018,0.89,11.29,16.7
19.19,36,0,1019,1.34,11.29,21.2
20.56,30,0,1019,1.34,11.29,24.4
21.43,30,0,1019,0.89,11.29,27.8
24.44,31,0,1018,0.89,11.29,34
24.44,29,0,1018,0.89,11.29,33.3
24.93,32,0,1018,0.45,11.29,32.3
24.07,31,0,1018,0.89,11.29,30
20.98,43,0,1019,0.98,11.29,23.5
19.63,44,0,1017,0.89,11.37,17.8
18.9,49,0,1017,3.65,11.19,16.2
18.52,61,0,1018,3.91,11.19,14.2
18.53,59,0,1017,0.45,11.19,13.5
17.97,50,0,1033,4.74,11.19,13.1
17.78,56,0,1016,4.46,11.19,12.6
18.34,50,0,1033,4.12,11.19,12
18.33,60,0,1017,0.45,11.19,11.5
17.47,61,0,1021,0.45,11.19,12.3
18.09,58,0,1021,1.34,11.19,17.1
19.44,57,0,1021,2.68,11.19,20.4
24.44,47,0,1020,1.79,11.19,31.1
25.56,45,0,1018,1.79,11.66,32.8
26.67,45,0,1018,1.34,10.69,32.8
26.97,46,0,1017,0.89,8.45,34.3
27.61,42,0,1015,0.89,5.7,34
27.73,40,0,1014,3.05,5.7,33.2
27.59,46,0,1014,0.89,1.22,32.3
26.98,48,0,1014,0.45,0.3,30.3
24.75,55,0,1014,5,0,27.2
23.33,69,0,1014,4.87,0,23.6
23.33,75,0,1015,0.45,0,21.8
24.2,68,0,1015,5.28,0,21.4
24.44,59,0,1015,6,0,20.7
25,59,0,1015,0.89,0,21.2
24.22,58,0,1015,5.88,0,23.1
23.58,73,0,1015,1.34,0,22.9
23.02,77,45,1015,1.34,0,22.5
22.16,80,0,1014,5.81,0,21.6
21.91,82,16,1015,0.89,0,21.4
22.53,78,21,1015,1.79,0.47,21.2
23.09,78,26,1014,0.89,1.63,23.4
23.39,76,34,1015,1.79,3.74,26
24.2,76,0,1015,0.89,6.12,28.5
25,73,0,1014,4.05,8.74,29.3
26.09,58,0,1011,6.2,10.6,28.8
24.63,54,75,1011,14.4,11.5,25.4
26.84,47,58,1011,2.58,11.5,22.7
20.95,88,90,1014,5.1,5.35,20.7
22.29,88,75,1006,7.7,5.24,23.3
23.35,60,75,1005,4.1,2.81,25.4
22.82,73,75,1007,4.1,1.12,24.6
21.99,73,75,1007,3.6,0.2,24.6
20.3,82,75,1007,4.6,0,22.9
20.46,82,0,1008,4.1,0,20.9
19.46,82,0,1009,2.6,0,19.8
19.46,93,0,1009,3.1,0,18.4
18.93,93,0,1009,3.1,0,18.2
18.69,93,72,1009,2.1,0,17.8
19.76,88,63,1009,3.7,0,17.9
18.52,96,42,1010,0.89,0,17.7
18.27,95,35,1010,4.25,0,17.7
17.78,96,0,1010,0.89,0,17.6
17.72,97,0,1011,4.37,0,17.3
18.39,89,0,1010,4.1,0,18.2
21.18,83,0,1011,0.89,1.69,20.3
23.94,75,0,1012,0.45,3.89,24.3
26.19,67,0,1012,0.89,6.72,28.6
28.7,59,0,1012,0.45,9.59,33.1
29.5,54,0,1012,0.89,11.63,35.7
29.5,47,0,1011,3.47,11.63,38
32.29,41,0,1012,0.89,11.31,39.5
32.84,39,0,1012,0.89,8.99,40.4
32.78,37,0,1011,0.89,5.98,39.7
32.2,34,5,1010,4.25,5.98,37.7
30.25,43,11,1012,0.89,1.28,34.2
30.49,38,18,1011,6.4,1.28,30.8
26.42,48,37,1012,6.84,0.18,27.5
22.71,53,64,1017,2.68,0,24.5
20.73,53,70,1019,0.89,0,19.9
19.38,55,100,1020,0.89,0,19.3
18.58,57,100,1021,0.89,0,18.1
16.84,61,94,1021,0.89,0,16.6
15.17,65,95,1021,0.89,0,15.1
13.82,71,76,1021,0.45,0,13.6
13.73,59,70,1021,6.77,0,11.8
11.91,74,0,1022,0.89,0,11.5
11.05,77,0,1022,0.45,0,11
12.29,71,0,1022,5.76,0.48,11.8
13.95,64,0,1023,0.89,1.67,15.5
15.86,59,0,1023,0.89,3.82,19
17.54,51,0,1023,0.45,6.68,25.7
19.75,42,0,1023,0.89,9.52,27.2
19.73,38,0,1022,3.57,9.52,30.6
21.43,38,0,1023,1.79,12.21,32.6
21.11,52,0,1022,1.79,11.2,33.7
21.44,46,0,1021,5.45,11.2,32.7
21.67,47,0,1021,1.79,5.83,30.1
21.36,46,0,1020,0.89,3.13,28.6
20.8,51,0,1020,2.24,1.26,27.2
20.21,49,0,1019,5.69,1.26,23.4
18.02,58,0,1020,0.89,0,19.6
16.91,60,0,1020,0.45,0,16.9
16.73,62,0,1019,5.97,0,15
16.55,64,0,1019,6.44,0,14.7
15.5,75,0,1021,5.88,0,13.9
14.93,78,0,1020,5.38,0,13.6
15.04,85,0,1019,5.36,0,13.1
16.05,74,0,1019,0.89,0,13.1
16.05,76,0,1019,0.89,0,12.4
16.05,79,0,1019,0.89,0,12.1
15.81,80,0,1018,0.89,0,11.9
16.73,76,0,1019,1.34,0.47,13.1
16.83,73,0,1018,4.47,0.47,17.9
19.14,69,0,1019,1.79,3.65,21.3
20.56,67,0,1018,1.34,6.08,26.4
22.22,64,0,1018,0.89,8.65,27.5
23.7,59,49,1017,0.89,10.49,29.5
24.2,56,45,1016,0.89,11.67,31.8
25.06,54,35,1015,1.79,10.7,34.3
26.48,49,0,1015,1.34,8.45,35.6
26.98,48,0,1014,1.79,5.73,34.9
27.6,35,0,1013,0.89,3.08,33.6
26.73,49,0,1012,0.45,1.25,31.6
25.25,57,0,1012,0.45,0.31,29
22.78,70,0,1012,0.89,0,25.7
21.91,80,0,1012,0.89,0,22.6
21.26,84,0,1012,4.89,0,20.4
21.05,87,0,1012,4.74,0,20.2
20.44,92,0,1012,3.96,0,19.9
19.79,95,0,1012,3.76,0,18.8
20.93,85,0,1009,3.56,0,18.2
20.74,85,0,1009,3.47,0,17.6
20.2,78,2,1025,3.15,0,16.7
19.82,84,4,1008,3.55,0,16.4
19.82,82,2,1008,3.5,0,16.4
20.8,87,1,1012,0.89,0.44,17.5
22.22,79,1,1012,0.45,1.51,21.6
23.89,72,1,1011,1.34,3.45,24.7
24.76,67,46,1011,1.34,5.98,28.7
26.18,62,98,1010,0.89,8.51,27.5
27.34,57,99,1010,0.89,10.32,32
27.61,58,99,1010,0.89,10.46,34
28.64,51,99,1008,0.45,9.6,33.1
28.08,56,96,1008,0.89,5.26,31.9
26.74,60,99,1007,0.89,2.01,29.6
24.44,74,100,1006,0.89,1.08,29.1
25.31,64,100,1006,3.77,1.08,26.4
20.31,88,100,1008,0.89,0.11,24.1
20.56,93,100,1009,0.45,0,22.7
20.25,95,100,1009,2.24,0,21.8
19.69,96,100,1011,0.45,0,21.1
20.19,87,100,1010,2.85,0,20.2
19.35,88,100,1009,4.57,0,18.8
18.02,97,100,1009,2.14,0,18.8
17.16,98,100,1009,2.34,0,18.4
16.6,98,100,1009,0.45,0,17.6
16.36,98,94,1009,5.11,0,17.1
16.05,98,78,1009,4.28,0,16.9
15.18,93,58,1009,0.45,0,16.3
15.8,81,53,1009,3.35,0.48,15.4
18.09,65,42,1009,0.45,1.64,18.4
20,55,34,1010,0.89,3.73,22.3
22.29,46,35,1009,0.45,6.45,29.2
22.46,36,18,1009,3.97,6.45,31.2
26.17,36,0,1010,0.45,11.1,34
27.3,30,0,1010,0.45,11.54,36
27.47,29,0,1010,0.45,10.59,38
27.83,25,0,1010,0.89,8.29,39.2
28.15,28,0,1009,1.07,5.55,36.7
26.3,39,0,1009,0.89,3,36.1
24.69,41,0,1009,1.79,1.22,32.5
24.92,36,0,1008,3.46,1.22,25.9
22.71,47,3,1011,3.22,0,23.4
21.85,59,8,1012,0.45,0,22.2
22.02,66,27,1013,4.43,0,20.1
21.16,66,84,1013,4.16,0,20
21.08,61,87,1013,3.04,0,18.7
20.04,74,88,1015,0.45,0,18
18.38,77,86,1016,0.45,0,17.5
16.36,82,69,1017,0.89,0,16.3
16.36,81,75,1018,0.45,0,15.8
14.63,82,55,1019,0.89,0,15.1
13.82,83,61,1020,0.45,0,14.2
14.44,77,44,1021,0.89,0.46,13.8
15.87,64,33,1022,0.45,1.57,15.7
17.78,45,26,1023,1.34,3.55,19.3
18.89,43,17,1023,0.89,6.26,25.3
19.44,43,72,1023,0.89,8.91,25.3
20,41,67,1024,0.89,10.79,26.7
20.18,35,72,1023,6.18,10.79,27
19.72,48,20,1021,9.3,10.17,26.7
20.25,43,80,1023,1.34,7.73,27.2
19.68,42,78,1024,1.79,5.45,25.6
20.8,39,48,1024,0.89,2.94,24.5
19.69,42,74,1024,0.89,1.2,24.4
19.13,42,83,1024,1.79,0.31,23.3
18.02,43,87,1025,5.69,0,21.2
17.16,63,100,1026,1.34,0,17.6
15.8,66,100,1027,0.89,0,15.8
15.25,70,100,1027,0.45,0,14.7
14.38,71,100,1028,0.45,0,13.7
13.82,74,89,1028,4.63,0,12.8
13.27,76,68,1028,0.89,0,12
12.09,83,55,1027,0.45,0,11.2
11.29,77,41,1028,4.24,0,10.6
10.74,75,0,1028,4.17,0,9.9
10.75,71,0,1028,0.89,0,9.2
11.91,64,0,1029,0.89,0.48,9.1
13.95,57,0,1029,0.89,1.62,12.6
16.17,52,0,1029,0.89,3.66,16.6
18.08,45,0,1030,2.92,6.35,20.8
18.64,45,0,1029,0.45,9.03,24.9
19.75,41,0,1029,0.89,10.93,28.9
19.68,34,0,1028,0.93,10.93,32
20.62,39,0,1028,0.89,10.55,34.4
21.18,36,0,1027,0.89,8.43,34.2
20.31,49,0,1026,1.34,5.6,34.1
19.69,52,0,1026,1.79,3.03,32.3
19.44,53,0,1026,0.89,1.24,27.7
18.27,57,0,1026,1.79,0.31,24.2
16.91,61,0,1027,1.79,0,21
15.56,63,0,1027,0.45,0,17.1
15.57,61,0,1026,5.17,0,14.8
14.44,69,0,1027,4.86,0,13.6
14.81,69,0,1024,0.45,0,12.8
14.85,65,0,1024,3.89,0,11.7
14.65,63,0,1025,3.57,0,11
13.68,81,0,1023,1,0,10.7
13.9,72,0,1039,1.34,0,10.3
13.91,68,0,1022,2.95,0,9.9
13.72,72,0,1022,2.68,0,9.7
15.93,69,0,1039,0.45,0.48,10
16.98,72,0,1026,0.89,1.61,15
18.08,68,0,1026,0.89,3.64,20.1
19.52,63,0,1025,0.89,6.14,24.4
19.28,53,0,1025,2.25,6.14,27.2
21.67,48,0,1024,0.89,10.55,30.9
22.78,44,0,1024,0.89,11.16,32.8
23.89,41,0,1023,1.34,10.23,34.7
22.78,38,0,1023,1.34,8.32,35.6
22.23,36,0,1022,5.22,8.32,34
23.33,27,0,1022,1.79,3.08,31.2
22.53,27,0,1022,0.89,1.25,29.1
21.54,33,0,1021,5.48,1.25,26.5
19.44,50,0,1022,0.89,0,22.5
18.58,49,0,1021,4.62,0,18.6
17.22,64,0,1022,0.45,0,16.5
16.91,72,0,1023,4.34,0,15.3
16.56,81,0,1023,4.24,0,14.6
16.77,85,0,1022,4.21,0,14.1
17.71,79,0,1021,0.45,0,14.3
17.71,73,0,1021,0.45,0,13.7
17.4,76,0,1021,0.45,0,14.2
16.54,80,0,1021,3.87,0,14.5
16.37,77,0,1021,3.7,0,14.3
18.03,75,0,1022,0.45,0.5,14.8
19.2,69,0,1022,0.89,1.71,18.6
20.86,65,0,1022,0.89,3.86,22.5
21.73,60,0,1022,0.89,6.78,25.8
23.16,56,0,1022,0.45,9.64,28.7
23.89,57,0,1021,0.89,11.67,31.8
23.89,47,0,1021,1.79,12.47,33.5
24.44,40,0,1021,1.79,11.44,35
25.56,34,0,1020,0.89,9.17,35
25.87,35,10,1019,0.89,6.16,33.9
25.31,36,65,1019,0.89,3.33,33.4
25.06,41,69,1018,0.89,1.35,31.4
23.33,53,69,1018,0.89,0.35,28.5
20.8,70,62,1018,1.79,0,24
20,73,57,1018,1.34,0,20.6
19.68,72,52,1018,6.23,0,18.9
20.25,80,0,1019,0.45,0,18.2
19.82,77,0,1019,5.51,0,17.9
19.69,82,0,1019,5.81,0,17.8
19.93,74,0,1018,0.89,0,17.3
19.13,77,5,1018,0.89,0,17.7
18.27,83,12,1019,4.99,0,17.5
18.14,78,11,1018,4.55,0,16.7
17.41,89,5,1019,0.45,0,16.4
18.89,82,5,1020,0.89,0.54,17.1
20.31,76,4,1020,0.89,1.84,20.5
21.67,74,15,1020,0.89,4.16,24
21.25,68,14,1019,3.57,4.16,28
22.05,60,4,1018,3.16,6.92,30.9
25.06,58,11,1019,0.89,11.91,33.8
25.87,47,29,1019,1.34,12.65,36.3
26.67,43,22,1018,0.45,11.6,36.9
25.81,35,18,1018,0.89,9.25,35.5
27.22,34,11,1017,0.89,6.09,35
26.98,39,86,1016,1.79,3.3,35.1
25.93,47,92,1016,0.89,1.34,32.9
24.44,60,85,1016,0.89,0.32,28.4
22.53,68,64,1017,0.45,0,26.3
21.36,77,51,1017,1.34,0,22.4
20.95,74,47,1016,4.9,0,20.4
20.24,84,0,1018,4.53,0,19.4
20.22,85,0,1018,4.63,0,18.7
19.69,88,0,1018,5.32,0,18.4
19.38,92,0,1017,4.67,0,18.1
18.76,95,0,1016,4.05,0,18.2
18.44,96,0,1016,3.56,0,17.7
20.28,83,0,1013,2.1,0,17.3
18.78,97,0,1016,0.45,0,17.4
20.49,87,0,1017,0.45,0.55,18.8
22.53,77,3,1018,1.79,1.87,22.2
23.42,71,3,1018,1.79,4.24,26.6
24.76,68,3,1018,1.34,7.43,30
25.87,63,41,1018,1.79,10.55,33.5
26.97,62,21,1018,1.34,12.77,36.8
27.78,60,14,1018,0.89,13.32,38.4
28.09,60,11,1017,0.89,12.22,31.3
29.75,50,8,1016,1.34,9.8,38.5
30.87,43,1,1015,0.89,6.63,38.7
31.11,37,1,1013,3.69,6.63,36.6
31.67,31,0,1014,0.89,1.45,35.2
31.04,31,0,1012,4.1,1.45,32
29.87,45,75,1011,2.6,0,30.9
26.05,56,18,1014,1.81,0,26.3
24.8,63,0,1014,3.7,0,24.1
25.27,55,0,1013,3.91,0,22.3
23.22,79,32,1014,3.9,0,22
22.88,80,54,1013,2.54,0,22
22.89,77,46,1013,1.3,0,20.8
22.71,69,41,1012,0.44,0,19.8
20.91,88,0,1013,1.14,0,18.7
22.97,77,0,1009,2.01,0,18.1
22.49,71,0,1009,3.26,0,18
22.33,85,0,1013,3.76,0.57,19.4
24.31,75,0,1013,4.37,1.94,21.1
26.72,61,0,1014,0.89,4.41,27.7
28.4,51,0,1013,0.89,7.73,32
27.78,46,0,1012,5.23,7.73,35.1
29.75,46,0,1012,0.89,13.31,37.2
31.19,41,0,1010,2.68,14.03,38.6
31.2,34,0,1009,5.8,14.03,40
30.86,47,0,1008,0.89,10.09,35.5
31.8,36,0,1007,5.71,10.09,38.4
31.18,52,0,1005,5.11,3.68,38.2
30.31,52,0,1004,1.34,1.49,35.7
31.34,39,0,1003,5.11,1.49,34.7
31.16,35,0,1002,5.9,0.38,29.4
31.07,66,0,1000,6.5,0,27.6
27.65,61,0,1003,0.89,0,25.6
28.19,50,0,1003,7.14,0,25.9
27.95,46,0,1002,7.14,0,26.5
27.48,45,11,1002,7.8,0,26.4
25.73,64,31,1003,0.45,0,25
25.8,59,45,1005,0.45,0,24.7
25.98,61,36,1006,4.93,0,23.7
22.78,71,1,1006,4.66,0,23
23.33,68,51,1007,0.89,0,23
23.27,72,67,1008,6.75,0.41,22.8
23.02,69,75,1009,1.79,1.41,22.6
20.5,72,80,1010,1.34,3.19,22.3
19.35,64,75,1006,7.2,2.5,19.1
17.76,68,75,1008,9.3,3.55,18.1
18.9,62,87,1008,6.09,3.55,24.1
22.84,41,95,1007,5.4,4.3,27.4
24.61,32,100,1009,0.45,6.98,36.1
27.22,26,100,1009,1.34,9.1,36
27.96,22,92,1008,5.77,9.1,34.6
27.78,27,0,1009,0.45,3.37,33.9
28.05,22,0,1008,5.57,3.37,31.2
27.22,25,0,1009,0.89,0.36,30.1
23.33,34,0,1009,4.2,0,24.9
24.47,27,0,1008,3.75,0,22.3
22.28,43,0,1008,0.5,0,18.3
22.84,32,0,1008,4.34,0,16.9
22.52,26,0,1009,3.8,0,15.5
18.79,67,0,1009,1,0,15.4
18.81,71,0,1009,1,0,14.2
18,76,0,1009,0.5,0,14
16.87,81,0,1008,0.5,0,12.7
16.96,76,0,1008,1,0,12.6
16.14,81,0,1009,0.5,0,11.7
18.86,81,0,1009,0.5,0.54,12.5
22.78,54,0,1011,1.52,1.83,20.7
24.44,38,0,1011,1.79,4.13,24
25,40,0,1011,1.79,7.03,29.9
25.56,46,0,1011,1.79,9.98,30.7
27.78,38,0,1011,1.34,12.08,33.8
27.96,28,0,1010,3.65,12.08,34.6
28.85,21,0,1008,3.92,12.73,34.8
30.56,29,0,1008,0.89,8.99,35.2
30,29,24,1007,0.89,6.02,35.1
30.73,23,61,1006,2.52,6.02,34.1
30,35,100,1005,0.45,1.33,33.8
27.22,48,100,1004,0.89,0.32,32
26.11,57,98,1004,0.89,0,27.5
24.44,71,85,1006,4.99,0,25.4
22.78,79,92,1007,4.8,0,22.6
22.22,86,87,1007,2.77,0,21.8
22.14,75,90,1006,0.93,0,21.5
22.04,73,94,1005,1.84,0,21.7
22.78,69,97,1007,0.45,0,21.5
22.22,75,97,1007,0.45,0,21.7
20.56,79,98,1008,0.89,0,19.2
15.56,92,100,1010,0.89,0,18.1
15,89,100,1010,0.89,0,16.1
15.86,81,100,1009,7.16,0,15.8
15.2,100,90,1009,12.9,1.03,15.9
15.7,93,90,1008,7.7,2.32,16
18.89,81,92,1012,4.59,6.57,22.3
21.67,71,42,1013,3.09,9.32,25.9
20.56,70,71,1013,2.21,11.27,24.1
21.49,56,75,1012,1.54,11.27,23.8
21.67,59,85,1013,0.89,3.3,27.7
23.33,50,88,1014,1.79,3.1,29.9
24.44,45,74,1013,1.79,3.55,31.6
23.33,49,100,1013,1.34,1.93,28.3
23.33,43,65,1013,0.89,0.79,26.9
23.89,33,44,1013,0.89,0.34,26.2
20.56,55,33,1014,0.45,0,21.6
21.48,40,0,1012,2.1,0,20
19.44,59,0,1013,1,0,16.7
18.56,63,0,1013,2.47,0,15.8
17.48,67,0,1014,1,0,14.4
17.08,67,0,1013,1.5,0,14.3
15.84,76,0,1013,3.95,0,13.6
16.7,72,0,1013,3.77,0,13.2
15.35,87,0,1012,1,0,13.1
15.07,87,0,1012,1,0,13.4
17.08,77,0,1011,3.6,0,14.3
17.78,79,0,1014,0.45,0.52,15.2
20,67,0,1014,0.89,1.76,21
21.67,58,0,1014,1.79,3.96,23
21.59,53,0,1013,7.31,3.96,27.6
22.78,52,0,1012,3.58,9.72,28.7
23.89,52,0,1012,2.68,11.76,33.9
25.07,35,0,1011,6.84,11.76,34.2
25.52,38,0,1008,7.2,11.22,26.4
25.56,39,0,1009,2.24,9.01,28.8
26.67,36,0,1008,2.68,6.05,34.7
26.67,38,0,1007,1.79,3.29,34.1
26.67,39,0,1006,2.24,1.35,30.4
26.11,40,0,1006,2.68,0.35,29.2
24.44,48,0,1006,1.79,0,24.3
25.21,39,0,1004,8.03,0,22.7
24.8,36,0,1004,3.6,0,20.5
22.22,66,0,1007,1.79,0,20.3
22.22,63,0,1007,1.34,0,20.5
21.11,61,0,1009,7.23,0,20.1
20.56,60,0,1009,0.89,0,18.5
20.56,63,12,1009,0.45,0,18.1
19.44,66,29,1009,4.41,0,17.3
18.33,73,100,1009,4.07,0,17.5
17.78,76,100,1010,3.18,0,18.1
18.33,73,99,1010,0.89,0.44,18.1
18.89,71,100,1012,0.89,1.47,18.9
17.78,81,96,1013,1.34,3.29,19.1
18.66,77,75,1009,5.1,4.68,19.2
20.05,59,87,1010,5.65,4.68,19.8
21.8,46,95,1011,5.01,6.64,23.5
22.27,41,98,1012,5.63,8.03,24
22.51,41,100,1012,6.43,7.17,29.3
22.97,41,100,1012,6.75,6.58,28.9
22.22,47,100,1014,1.79,3.53,30.6
21.67,46,92,1014,0.89,1.92,29
21.11,44,93,1014,0.89,0.79,25.8
20,46,78,1015,1.79,0.3,24.2
17.78,55,69,1016,0.45,0,18.6
16.67,57,58,1016,0.89,0,17.2
16.67,59,35,1017,0.89,0,14.9
16.67,61,0,1018,0.89,0,14.4
16.51,63,0,1017,6.46,0,13.4
16.67,65,0,1018,0.89,0,13.2
16.67,67,0,1018,1.34,0,12.9
16.11,67,0,1017,0.89,0,13
16.27,65,0,1017,5.45,0,12.3
14.44,76,0,1018,4.87,0,11.8
16,77,0,1015,2.6,0,11
17.78,62,0,1017,0.45,0.52,12.3
20,55,0,1018,0.45,1.77,20.3
21.11,51,0,1018,1.34,3.97,22.9
21.67,47,0,1018,1.79,6.78,28.2
22.78,45,0,1019,1.79,9.61,29.9
23.33,38,0,1018,1.34,11.64,33.6
25,26,0,1018,2.24,12.04,33.6
25.14,25,0,1017,2.76,12.04,36.7
25.74,22,0,1016,3.16,11.04,38.4
28.89,19,0,1017,0.45,6.1,37
27.78,27,0,1016,0.89,3.32,36
27.78,24,0,1015,2.33,1.36,32.5
26.67,25,0,1015,3.2,0.36,30.7
23.33,45,0,1016,0.89,0,23.1
21.11,54,0,1016,0.89,0,21.2
21.17,52,0,1015,5.57,0,17.6
21.48,49,0,1014,6.33,0,16.8
20.8,64,0,1015,3.1,0,15.6
21.06,54,0,1015,6.51,0,15.3
21.18,53,0,1015,6.9,0,13.8
19.32,72,0,1014,2.6,0,13.5
19.44,87,0,1016,1.79,0,13.4
20,89,0,1016,0.89,0,13.5
20.06,85,0,1015,5.79,0,13.3
20.56,86,0,1017,0.45,0.53,13.8
22.22,82,0,1017,1.34,1.79,18.3
22.78,78,3,1017,0.89,4.01,23.7
23.89,76,7,1017,1.34,6.92,27.3
25.56,71,15,1016,1.79,9.81,30.2
27.22,62,7,1015,0.89,11.87,34
28.33,52,5,1015,1.34,12.41,37.4
30.56,36,4,1014,1.79,11.38,38.7
30.41,28,4,1013,2.67,11.38,40.9
31.67,40,14,1012,1.34,6.1,40.7
31.11,39,0,1012,1.79,3.32,38.8
31.11,25,0,1011,0.89,1.36,36.4
30.83,22,0,1010,3.78,1.36,34.2
29.06,24,0,1009,5.29,0.36,30.8
23.33,74,0,1011,0.45,0,26
23.67,67,0,1010,5.52,0,23.1
23.93,63,0,1010,5.56,0,21.4
24.25,59,0,1010,6.13,0,20.5
23.52,69,0,1009,3.1,0,19.5
23.32,69,0,1009,2.6,0,19.3
23.1,66,0,1009,3.88,0,19.3
23.27,59,0,1009,5.14,0,18.5
20.52,82,0,1007,0.5,0,17.6
21.59,68,0,1007,6.16,0,17
20.56,92,0,1011,5.73,0.56,17.4
23.33,76,0,1011,0.45,1.92,21.1
25.56,68,0,1011,0.89,4.33,25.1
27.22,60,17,1011,0.89,7.26,28.5
28.89,47,19,1010,2.24,10.29,32.4
28.79,43,31,1009,4.43,10.29,35.4
30.01,35,53,1008,4.43,12.45,38.5
31.19,28,69,1006,4.22,12.25,38.4
31.85,25,78,1004,3.91,11.23,35
31.67,36,86,1006,1.79,5.33,34
32.22,36,100,1005,0.89,2.89,33.9
32.22,35,60,1004,0.89,1.18,36.1
30.56,38,55,1003,0.89,0.34,32.9
28.33,47,43,1003,0.89,0,30.2
27.39,49,40,1002,6.83,0,27
26.11,63,47,1003,0.45,0,25.1
26.11,61,0,1003,0.89,0,24.4
25,65,38,1002,0.45,0,23.7
25.15,58,46,1002,4.71,0,23
23.33,75,66,1002,5.73,0,22.6
20.56,88,73,1003,0.89,0,22.1
20.32,93,90,998,7.2,0,21.1
20,89,100,999,9.39,0,20.3
21.11,81,100,999,6.65,0,19.9
20,93,100,999,0.45,0.25,19.8
21.67,90,100,1000,0.89,0.85,20.7
23.33,76,100,1000,1.79,1.91,23.5
23.61,70,98,1000,6.91,1.91,26.1
22.42,68,100,1000,8.87,6.13,25.2
24.55,78,75,998,11.3,10.51,32.1
25.65,61,20,997,7.7,12.93,34.6
26,50,20,997,9.3,11.86,35.6
26.48,47,20,997,13.9,9.38,34.6
25.19,43,38,997,4.92,6.37,31.4
25.11,40,19,997,13.89,6.37,30.3
21.67,53,0,999,10.28,1.42,27.3
20.56,57,0,1000,1.79,0.37,22.7
20.19,57,39,1018,3.58,0,19.6
19.44,54,4,1002,3.13,0,18.3
18.52,55,54,1003,0.45,0,17.8
18.15,59,97,1020,1.79,0,16.6
17.04,60,48,1005,1.79,0,15.7
16.3,61,32,1006,1.34,0,14.6
15.56,65,24,1023,2.24,0,14.1
14.81,65,17,1006,0.89,0,13.1
14.26,66,14,1007,1.79,0,12.3
13.71,70,0,1024,1.79,0,11.6
13.5,68,0,1016,7.78,0,11.3
13.14,70,0,1009,0.45,0.54,11.5
13.47,66,0,1009,8.15,0.54,14
16.12,62,0,1026,2.68,4.06,17.1
17.4,54,0,1009,1.79,6.84,17.7
18.33,48,0,1010,6.71,9.69,19.6
19.34,42,0,1010,7,9.69,20.4
19.3,52,75,1010,5.1,12.15,21.5
20.64,48,40,1011,7.7,11.14,25.3
22.29,39,0,1013,1.34,8.74,24.6
23.89,38,0,1014,0.89,5.8,25.2
24.52,32,0,1012,6.14,5.8,22.6
24.72,27,0,1011,7.04,3.16,22.8
24.22,26,0,1010,6.83,1.3,25
23.27,28,0,1011,6.41,0.35,21.2
20,43,0,1012,5.34,0,18.2
20,38,0,1012,5.36,0,16.8
19.05,37,0,1014,5.57,0,13.7
16.86,52,0,1015,5.13,0,12.2
15.75,57,0,1014,4.91,0,11.4
14.99,59,0,1014,3.17,0,10.5
14.26,62,0,1014,2.99,0,9.4
13.51,64,0,1014,0.45,0,9.2
13.17,59,0,1014,2.85,0,8.1
12.42,65,0,1015,2.61,0,7.6
13.51,65,0,1016,2.37,0.52,9
13.32,59,0,1016,2.55,0.52,12.4
14.59,50,0,1018,2.98,1.76,18.6
20.06,47,0,1020,3.13,6.66,22
21.98,40,0,1020,3.66,9.44,25.2
22.3,34,0,1019,4.1,9.44,27.4
24.24,28,0,1018,4.22,11.42,30.3
25.75,32,0,1018,0.89,11.28,32
26.36,31,0,1018,1.34,9.27,32.9
26.44,43,20,1016,4.1,6.23,33.2
25.76,23,0,1015,1.79,3.38,32.8
25.17,29,0,1015,5.76,3.38,32.1
22.17,60,0,1018,0.45,0.36,29.6
21.76,53,0,1016,6.02,0.36,23
20.81,51,0,1016,5.91,0,19.9
19.48,54,0,1015,6.37,0,18.3
18.91,58,0,1016,6.64,0,17.4
18.16,85,0,1019,5.91,0,16.9
18.47,80,0,1019,4.81,0,16.7
18.73,69,0,1018,3.75,0,16.2
18.81,60,0,1017,3.46,0,15.9
19.43,74,0,1015,3.5,0,15
19.08,61,0,1032,2.24,0,14.8
17.89,81,0,1018,3.41,0,15
18.27,68,0,1018,3.52,0,16.3
21.18,61,0,1019,0.89,1.85,20.9
21.45,51,0,1018,4.09,1.85,26.1
25.56,45,0,1019,1.34,7.21,30
25.33,37,0,1018,4.52,7.21,33.2
26.73,44,0,1018,1.79,12.37,36.5
28.39,39,0,1017,0.89,12.92,39.4
29.51,39,0,1017,1.34,11.86,39.4
29.75,35,0,1016,1.79,9.39,38.9
30.06,31,0,1016,1.34,6.3,36
30.31,28,0,1015,1.79,3.42,36.5
29.44,29,0,1015,1.79,1.4,34.3
28.83,33,0,1014,0.89,0.37,35.6
26.36,43,0,1014,0.89,0,28.1
26.39,36,0,1013,4.6,0,24.2
25.36,59,0,1013,4.51,0,21.9
22.64,74,0,1016,4.16,0,20.3
23.48,59,0,1015,4.68,0,20.5
22.67,69,0,1016,0.45,0,20.5
23.89,48,0,1029,0.45,0,19.7
23.47,47,0,1021,6.47,0,19.6
21,68,0,1015,6.07,0,19.2
21.29,67,0,1015,0.89,0,18.5
20.36,74,0,1016,6.07,0,18.4
20.96,63,0,1015,5.81,0,19.4
23.4,61,0,1017,0.89,1.88,23.6
24.19,53,0,1017,2.24,4.23,27.7
25.31,52,0,1017,1.79,7.34,30
27.3,46,0,1017,1.34,10.42,32.6
27.78,42,0,1016,2.68,12.61,35.6
28.94,37,0,1016,1.79,13.23,37.1
31.67,30,0,1015,0.89,12.14,39.3
31.11,29,0,1015,1.79,9.62,39.4
31.11,30,0,1014,1.79,6.47,39
31.11,30,0,1013,0.89,3.51,37.2
30.89,27,0,1012,3.84,3.51,36.6
29.44,35,0,1013,0.45,0.37,37.9
26.98,42,0,1013,0.45,0,29.1
26.26,42,0,1012,5.49,0,24.8
23.64,60,0,1014,0.89,0,22.5
22.78,65,0,1014,5.65,0,20.9
22.47,74,0,1014,0.89,0,20.1
22.22,75,0,1014,0.45,0,19.7
23.09,62,0,1014,0.45,0,19
22.71,68,0,1014,0.89,0,20.6
21.86,77,0,1014,4.78,0,20.6
21.95,68,0,1013,4.38,0,19.6
21.05,84,0,1014,0.89,0,19.3
22.22,78,0,1015,3.83,0.56,19.6
23.09,74,0,1016,0.89,1.89,21.8
24.19,70,0,1016,2.24,4.25,27.8
25.36,63,0,1015,0.45,7.33,29.4
27.6,54,0,1015,0.89,10.4,32.8
27.47,48,0,1014,3.31,10.4,34.8
30.56,49,0,1015,1.34,13.04,38.7
30.37,40,0,1014,0.89,11.96,39.4
30.64,37,0,1014,1.79,9.33,40.3
31.05,30,0,1013,4.13,9.33,38.3
33.33,31,0,1013,5.43,3.45,38.6
31.11,39,17,1013,2.24,1.41,37.8
29.44,48,21,1013,1.34,0.37,35.2
28.15,47,21,1012,7.32,0.37,31.6
24.51,66,31,1013,1.34,0,24.5
24.21,65,31,1013,6.3,0,23.6
23.64,78,1,1014,1.79,0,22.2
23.89,78,1,1015,0.45,0,21.9
24.2,72,1,1015,0.45,0,21.4
23.89,73,0,1015,1.34,0,21
23.02,79,0,1015,0.45,0,22.1
22.47,83,2,1016,0.45,0,22.1
22.47,84,0,1016,1.34,0,21.8
22,82,23,1015,4.64,0,21.6
22.53,85,64,1016,0.89,0.5,22.1
22.07,84,68,1016,4.48,0.5,23
24.19,78,79,1017,1.79,3.84,27.6
24.75,75,80,1017,0.89,6.9,28.8
25,74,100,1017,1.34,9.79,31.1
26.67,69,94,1016,0.89,11.85,31.5
27.78,63,96,1016,0.89,12.36,36.4
28.09,56,97,1015,1.34,11.33,35.9
27.59,58,98,1015,0.89,8.85,34.4
27.85,57,95,1015,0.89,5.63,33.4
27.29,64,100,1014,0.89,3.06,31.9
26.42,69,100,1014,6.85,1.25,31.3
25.87,66,100,1014,1.79,0.33,29.3
25.56,70,93,1014,1.79,0,28.1
25.1,67,93,1013,6.96,0,24.4
23.89,77,95,1015,0.89,0,23.8
23.58,82,100,1015,0.45,0,22.3
23.33,82,67,1015,0.45,0,22
23.97,75,63,1015,6.39,0,21.3
23.79,74,65,1014,6.28,0,21.2
23.33,83,53,1016,0.89,0,22
22.92,80,49,1015,5.38,0,21.9
22.34,79,11,1014,5.08,0,21.2
21.72,81,3,1014,4.99,0,21.1
22.53,82,0,1016,0.89,0.53,22.1
23.95,78,0,1017,0.89,1.81,23.6
24.75,73,0,1017,1.79,4.07,28.5
25.62,70,1,1017,0.89,7.03,29.6
25.25,66,1,1016,4.67,7.03,33.3
27.28,65,0,1017,0.89,12.06,35.2
27.78,61,0,1016,1.79,12.58,36.9
28.02,53,0,1015,4.73,12.58,37.2
28.86,46,0,1014,5.14,11.53,37.9
29.39,41,0,1013,5.9,9.17,38.1
29.28,41,0,1012,6.68,6.26,35.8
26.98,60,0,1015,1.79,1.37,35.2
25.8,63,0,1015,1.79,0.36,31.1
24.13,71,0,1015,2.24,0,27.9
23.33,73,0,1016,0.89,0,23.1
23.33,73,0,1016,1.34,0,22.6
23.33,75,0,1016,1.79,0,22.1
23.38,72,0,1016,7.13,0,22.1
23.59,67,0,1015,6.52,0,21.9
23.02,73,0,1017,1.34,0,22
22.47,76,0,1017,0.89,0,21
21.91,80,0,1017,0.45,0,20.7
21.36,82,0,1017,1.34,0,20.1
20.8,86,0,1018,0.45,0,20
21.42,83,0,1018,0.89,0.55,21.2
22.53,78,0,1019,1.79,1.88,22.9
23.94,73,0,1019,1.34,4.26,27.9
24.2,68,0,1019,1.79,7.45,28.1
25.62,64,0,1019,1.79,10.57,31.8
25.92,56,0,1018,5.62,10.57,34.5
27.61,49,0,1018,1.34,13.41,36.4
28.09,48,0,1018,0.89,12.3,37.4
28.57,41,0,1017,4.81,12.3,37.1
29.44,49,0,1016,1.79,6.6,36.9
28.89,55,0,1016,1.79,3.57,35.7
28.89,57,0,1015,0.89,1.46,35.7
27.78,62,0,1015,1.79,0.38,33.1
26.11,72,0,1015,0.89,0,29.3
24.44,77,0,1015,0.89,0,24.7
23.89,85,18,1016,0.45,0,23.9
23.89,86,8,1016,7.78,0,22.9
25.56,75,28,1017,1.79,0,22.7
25,76,48,1016,0.89,0,23.8
24.44,81,55,1016,1.79,0,23.7
23.33,85,93,1016,0.89,0,22.9
23.33,86,88,1016,0.89,0,22.7
23.03,83,84,1015,6.69,0,22.4
22.78,86,89,1017,1.34,0,22.3
23.33,84,86,1017,1.79,0.56,23.3
24.44,81,87,1017,2.68,1.91,24.2
23.86,78,87,1017,5.81,1.91,28.3
25.56,76,92,1017,1.79,7.55,28.5
27.78,67,31,1017,1.34,10.72,32.7
28.33,65,22,1017,1.79,12.98,34.4
30,59,16,1015,1.79,13.35,38.1
31.11,56,12,1015,0.89,12.25,38.8
31.67,51,4,1014,1.79,9.74,39.3
31.67,51,13,1013,0.89,6.6,38.8
30.56,51,24,1013,2.68,3.57,37.4
30.12,48,21,1012,6.32,3.57,35
27.22,68,14,1012,1.79,0.37,29.7
25.56,73,10,1012,2.24,0,27.5
25.18,71,10,1012,7.11,0,24.5
24.45,74,8,1012,6.71,0,24
24.2,78,100,1013,1.79,0,23.3
24.2,79,0,1014,6.27,0,23.4
24.44,80,0,1014,0.45,0,23.6
24.47,74,0,1013,5.18,0,23.1
22.15,85,100,1013,0.45,0,21.7
21.91,84,91,1012,1.67,0,21.4
21.91,86,24,1011,1.71,0,21.1
22.53,86,55,1011,0.95,0,21.2
24.13,79,65,1011,0.89,0.48,21.8
23.57,77,67,1011,2.86,0.48,23.3
26.11,74,64,1011,0.89,3.76,30.4
26.73,69,64,1011,0.89,7.73,31.9
27.78,68,37,1011,0.45,10.99,35.6
28.4,67,25,1011,0.89,13.31,37.8
28.69,58,23,1010,3.1,13.31,35.8
30.67,60,25,1009,1.34,12.77,31.8
30.32,62,20,1008,0.45,10,35.2
30.56,62,28,1007,0.45,6.49,37.5
30.31,62,1,1006,1.34,3.51,39.2
30.56,58,47,1006,0.89,1.42,33.7
29.07,70,50,1006,0.89,0.33,31.1
29.22,58,54,1005,3.6,0.33,28.5
25.24,79,54,1006,0.45,0,25.3
24.69,83,45,1006,3.46,0,24.6
24.38,85,0,1006,4,0,23.2
24.06,91,0,1006,3.75,0,23
25.74,81,0,1002,4.03,0,22.5
25.37,83,0,1002,3.85,0,22.1
25,81,0,1018,3.43,0,21.4
24.81,84,0,1002,3.19,0,21.5
25.18,83,0,1001,3.25,0,21.4
25.37,81,0,1017,3.98,0,21.4
23,83,75,1001,3.1,0.32,19.3
21.44,73,40,1001,9.8,1.09,19.1
22.29,72,20,1003,9.21,1.09,19.4
19.65,88,75,1006,10.8,5.59,22.5
20.65,77,75,1005,8.7,7.94,21.4
20.7,68,75,1005,3.6,9.61,20.9
23.36,51,87,1005,5.55,9.61,26.8
21.29,64,20,1005,7.7,4.58,27.6
26.43,32,83,1007,1.34,7.29,30.6
27.83,24,77,1006,6.44,7.29,31.4
27.78,26,0,1007,1.34,3.4,29
26.29,16,0,1006,7.6,1.38,28.1
25.76,30,20,1004,13.4,0.35,25.2
24.26,29,0,1005,5.7,0,23.3
25.03,23,0,1005,5.15,0,19.1
24.01,21,0,1007,6.99,0,19
22.54,24,0,1009,7.67,0,17.8
20.39,37,0,1010,7.75,0,17.1
19.26,38,0,1011,7.24,0,16.1
18.5,42,0,1012,6.95,0,14.8
14.31,68,0,1014,6.75,0,14
14.62,66,0,1012,1.34,0,12.3
14.27,66,0,1012,4.73,0,11.8
13.9,60,0,1028,4.08,0,11
13.33,73,0,1015,3.7,0.53,10.2
16.72,60,1,1015,3.35,1.83,13.9
16.93,50,6,1015,3.56,1.83,17.7
21.18,35,19,1016,0.89,7.21,22.9
23.94,32,0,1016,0.45,10.24,26
25.37,27,0,1016,0.45,12.41,26.3
25.51,22,0,1015,4.56,12.41,30.9
27.28,25,0,1015,0.89,12.1,31.8
27.84,25,0,1015,1.79,9.6,33.9
28.64,23,0,1014,1.79,6.36,34.8
29.18,24,0,1014,0.89,3.44,33.4
29.08,11,0,1011,3.58,1.4,33.4
28.89,11,0,1011,1.34,0.36,31.9
27.59,25,0,1011,0.89,0,29.1
26.12,28,0,1011,3.99,0,24.3
24.45,47,0,1012,0.89,0,20.4
24.44,51,0,1012,0.89,0,18.9
23.89,43,0,1012,0.45,0,19.2
23.51,41,0,1029,1.79,0,19.4
23.31,41,0,1028,1.34,0,18.9
22.16,43,0,1012,3.6,0,18.6
21.39,41,0,1012,2.99,0,18.1
21.13,37,0,1012,4.1,0,17.2
18.96,72,0,1013,2.1,0,15.8
18.87,67,0,1013,2.1,0.55,16.6
20.91,63,0,1014,3.54,1.9,19.5
24.31,47,0,1014,3.86,4.34,24.9
26.19,44,0,1014,3.41,7.28,29.2
26.59,33,30,1014,3.11,7.28,31.4
29.15,36,0,1014,2.77,12.52,33.7
30.43,37,0,1014,2.32,13.51,35.6
31.31,30,20,1014,2.23,12.38,36.3
32.48,29,75,1014,2.2,9.69,37.4
33.75,27,75,1014,1.94,6.45,37.9
33.08,27,75,1013,1.11,3.48,35.5
32.98,10,2,1013,1.79,1.41,35.1
31.07,21,4,1012,6.74,1.41,32
26.85,65,5,1014,0.89,0,28.7
25.86,57,5,1014,7.49,0,25.2
24.81,66,3,1015,8.03,0,22.6
24.24,69,0,1016,7.72,0,21.4
23.7,70,0,1016,7.36,0,20.8
22.81,62,0,1016,6.12,0,20.2
22.04,59,0,1016,5.42,0,19.6
22.78,60,0,1015,4.79,0,19
22.1,59,0,1015,4.1,0,18.4
21.56,59,0,1016,3.49,0,18
21.22,57,0,1016,3.78,0,17.8
20.98,54,0,1016,4.28,0,18.3
24.97,63,0,1016,4.46,1.91,21.7
24.12,52,0,1016,4.36,1.91,26.1
24.84,42,0,1017,3.76,4.36,29
26.27,34,0,1017,3.35,7.7,31.9
27.8,30,0,1016,3.16,10.94,35.4
29.04,26,0,1015,3.02,13.26,37.4
33.33,41,0,1014,0.89,12.73,39.4
33.53,12,0,1014,1.79,10.21,39.5
33.4,54,20,1013,5.1,6.82,39.2
32.56,39,10,1013,4.72,6.82,37.5
31.53,33,4,1011,4.92,3.67,35.7
29.91,48,20,1012,4.1,0.37,34.8
28.99,44,10,1012,5.41,0.37,31.3
27.22,73,0,1013,0.45,0,26.9
26.47,73,0,1013,5.82,0,24.2
26.04,61,0,1013,6.32,0,22.6
26.3,69,0,1013,6.42,0,22
26.29,63,0,1013,6.56,0,21.5
26.11,59,0,1012,1.79,0,20.9
25.18,54,0,1013,0.89,0,21.4
24.81,57,0,1013,0.89,0,21.4
24.06,61,0,1014,5.61,0,20.8
23.33,65,0,1014,5.31,0,20.2
24.25,66,0,1014,4.87,0.55,19.9
24.79,64,0,1015,0.89,1.88,23.2
24.98,61,0,1015,4.88,4.3,26.8
26.29,59,0,1015,0.45,7.07,29.8
27.76,56,0,1015,0.45,10.05,31.4
28.9,29,19,1015,0.45,12.18,34.9
28.79,32,19,1015,3.29,12.18,38.1
30.92,50,30,1013,3.31,11.91,38.4
29.24,51,0,1013,7.7,9.86,38.6
32.05,20,35,1013,0.89,6.41,35.2
31.83,50,100,1012,0.89,3.45,36.8
31.09,39,100,1011,5.4,3.45,34
29.24,56,100,1011,0.45,0.37,30.6
27.19,69,99,1012,6.44,0,27.6
24.81,71,98,1012,5.66,0,24.5
23.69,75,98,1012,0.45,0,22.5
23.5,76,100,1011,0.45,0,21.7
22.96,79,100,1011,6.74,0,21
23.51,66,100,1011,8.04,0,20.6
24.23,59,97,1011,7.39,0,20.4
23.86,60,96,1011,6.86,0,20.8
23.33,70,97,1010,5.79,0,20.7
22.77,74,100,1010,5.23,0,20.5
22.04,75,100,1010,4.79,0,20.4
22.77,76,100,1010,4.24,0.51,20.7
23.5,74,100,1010,4.37,1.76,22.1
24.24,73,100,1010,0.45,4.03,24.6
26.1,70,100,1010,3.06,6.06,27.7
27.02,65,100,1010,0.89,8.62,32.5
26.68,69,75,1009,5.1,10.45,35.3
29.64,33,100,1009,0.89,11.38,37.5
27.88,78,40,1008,5.1,10.44,37.5
28.55,61,40,1009,5.1,9.94,39.5
28.15,69,40,1008,6.2,6.78,39.4
27.27,78,20,1008,7.7,3.64,37.2
26.68,74,20,1008,7.7,1.46,34.6
27.2,66,18,1007,0.89,0.37,32.7
26.58,61,25,1007,6.7,0.37,27.7
24.25,73,42,1008,0.45,0,24.1
23.86,72,46,1008,5.99,0,22.6
23.15,79,60,1008,1.34,0,21.7
22.59,81,67,1008,0.89,0,21.1
22.04,85,62,1008,0.89,0,21
22.04,86,74,1008,0.89,0,21.7
21.89,86,67,1008,4.89,0,22.2
22.59,87,26,1007,0.89,0,22.3
22.77,87,9,1007,0.89,0,22.1
22.59,88,19,1008,0.45,0,22.1
22.77,87,19,1008,3.88,0.52,22.1
23.84,83,20,1007,5.1,1.79,23.7
25.92,75,53,1008,0.89,4.11,26
27.2,72,60,1008,0.89,7.37,28.8
28.69,66,84,1008,0.89,10.49,32
29.63,47,64,1008,1.34,12.71,32.4
27.95,74,20,1007,6.2,13.67,35.1
30.91,59,35,1006,0.89,12.54,38
29.3,39,28,1005,0.89,9.2,36.8
29.69,42,31,1006,5.46,9.2,34.2
25.48,65,75,1005,5.1,2.92,27.3
24.69,61,75,1005,4.1,1.17,22.7
22.59,92,81,1007,1.79,0.33,23
22.22,85,85,1007,1.34,0,21.8
21.86,83,88,1007,0.45,0,21.7
22.23,85,95,1007,4.93,0,21.7
22.41,87,21,1007,4.48,0,21.6
22.41,88,23,1007,4.95,0,21.5
22.97,82,31,1007,0.89,0,21.4
23.31,83,30,1006,5.73,0,22.3
23.33,84,6,1006,0.45,0,22.4
22.69,86,7,1006,3.54,0,22.6
22.24,85,56,1005,2.42,0,22.6
21.49,86,77,1006,0.45,0,22.1
20.8,100,90,1006,4.6,0.49,21.9
20.19,86,88,1007,0.89,1.69,22
19.82,84,79,1007,1.34,3.88,22.1
20.56,82,62,1024,1.79,7.17,22.9
21.13,77,79,1024,2.24,10.21,25.1
21.36,78,75,1007,6.2,12.38,26.4
23.06,67,65,1007,5.32,12.38,26.4
24.44,64,52,1009,2.68,12.14,30
23,64,75,1007,7.7,9.67,28.8
24.42,56,65,1007,4.65,9.67,28.1
23.65,60,75,1007,9.3,3.48,26.6
25,61,39,1008,0.45,1.4,26.7
25,58,30,1008,1.34,0.34,26.4
23.89,63,33,1008,0.45,0,25.7
24.16,56,30,1008,5.34,0,22.5
21.67,75,22,1008,0.45,0,20
21.11,78,0,1008,6.8,0,19.9
21.05,81,0,1008,0.89,0,19.5
20.56,84,0,1008,0.89,0,19.9
20,84,0,1008,0.45,0,19.6
19.38,90,0,1008,6.63,0,18.9
19.08,93,3,1008,5.94,0,18.2
19.13,92,0,1009,5.72,0,18
18.4,87,2,1008,5.7,0,17.3
17.65,84,13,1007,5.35,0,17.4
20.07,79,24,1010,1.79,1.69,22.3
21.48,71,67,1010,0.89,3.86,23.8
22.59,63,69,1010,0.89,7.05,28.1
24.27,59,99,1010,0.89,10.04,29.5
26.42,50,79,1010,3.58,12.17,34.8
26.34,47,68,1009,5.97,12.17,34.4
30.31,34,42,1008,0.89,7.68,37.5
31.42,30,34,1008,0.89,9.35,36.4
32.22,29,28,1008,0.89,6.41,37.1
31.53,26,14,1007,5.67,6.41,36.6
33.58,29,0,1007,0.89,1.38,35.3
32.72,29,0,1007,0.89,0.34,33.9
31.05,33,0,1008,1.99,0,29
28.06,45,0,1008,0.85,0,27
26.98,51,0,1009,1.71,0,22.8
28.34,34,0,1023,1.96,0,21.7
28.15,33,0,1006,0.45,0,21.1
25.03,68,0,1009,2.48,0,20.1
22.78,53,4,1010,1.24,0,19.7
21.67,74,11,1010,0.45,0,20.4
20.56,81,10,1010,0.89,0,19.7
20.56,83,0,1011,4.02,0,19.6
19.44,85,37,1012,4.29,0,18.3
20,84,51,1013,1.34,0.53,18.7
19.44,85,38,1014,0.45,1.85,20
21.11,77,16,1014,0.89,4.27,22.1
21.11,77,14,1014,0.89,7.37,26.9
22.67,62,7,1013,3.15,7.37,28.4
26.31,73,40,1011,6.17,12.75,32.3
27.7,73,20,1011,6.17,13.47,34.2
28.3,69,0,1011,6.17,12.36,35.8
29.58,57,0,1011,4.12,9.43,35.2
30.15,50,20,1011,5.14,6.51,35.4
30.16,50,20,1010,4.12,3.48,34.1
29.28,61,20,1010,4.12,1.39,30.2
26.92,78,0,1011,3.09,0.34,30.6
25.25,78,0,1011,3.09,0,24.4
25.08,38,0,1011,4.12,0,23.1
23.89,44,26,1011,6.18,0,21
22.45,53,0,1011,3.09,0,20.6
21.76,68,0,1012,5.14,0,19.6
21.48,78,0,1012,4.63,0,19
20.48,75,38,1013,6.09,0,18.9
21.88,78,90,1013,2.57,0,18.6
21.2,83,90,1013,1.54,0,18.7
20.57,78,95,1013,4.31,0,18.3
21.36,78,90,1012,3.09,0,18.6
21.56,73,90,1012,2.57,0.14,19.2
20.93,88,0,1011,2.06,0.48,20
22.01,88,0,1013,4.63,1.12,22.2
21.79,77,75,1013,3.09,2.1,23.7
24.19,64,90,1013,2.43,3,22.1
24.58,64,90,1013,3.09,3.65,24.6
24.34,54,95,1013,3.32,3.65,29.8
25.65,60,40,1012,4.12,11.04,32.8
26.92,60,75,1012,4.63,9.33,34.6
27.32,64,75,1011,6.17,6.33,36.2
26.95,57,20,1010,5.14,3.39,36.3
27.01,57,20,1010,5.14,1.35,33
25.87,60,20,1010,4.63,0.23,31.6
25.71,54,13,1010,5.36,0.23,26.7
24.6,57,0,1009,5.66,0,23.5
24.12,60,20,1010,3.09,0,21.9
23.44,68,0,1011,3.09,0,20.9
23.44,73,0,1011,3.6,0,20.1
23.46,64,0,1011,6.8,0,20
23.63,59,0,1012,7.27,0,19.7
23.33,64,0,1011,5.03,0,19.3
22.59,66,0,1026,0.45,0,18.6
22.23,66,0,1012,4.58,0,18.5
21.86,67,0,1012,0.45,0,18.1
22.78,67,0,1027,0.45,0.51,17.9
24.8,72,0,1012,0.45,1.79,21
26.1,69,0,1012,1.34,4.15,25.9
26.04,55,0,1012,3.54,4.15,29.7
29.25,61,0,1012,0.45,10.44,32.5
30.17,60,0,1011,0.89,12.67,36.3
31.67,38,0,1009,3.58,12.31,39.3
32.6,60,0,1010,0.89,11.29,40.7
32.24,45,0,1009,4.24,11.29,42.3
30.43,74,20,1007,7.72,6.43,41.8
29.55,74,20,1007,8.23,3.43,40.7
30.36,55,10,1006,6.69,3.43,39.3
28.13,72,19,1005,0.89,0,35.7
27.02,73,16,1004,0.45,0,35.9
26.25,67,16,1004,7.53,0,28.1
27.41,72,73,1004,0.45,0,25.8
28.15,62,0,1004,0.45,0,25.3
26.11,67,91,1020,5.58,0,25.7
26.61,62,92,1012,5.75,0,26.6
21.03,100,75,1006,5.14,0,23.7
18.91,94,90,1004,5.66,0,20.1
18.49,94,90,1006,3.6,0,18.1
18.41,100,90,1005,3.6,0,18
18.52,100,90,1006,4.12,0.17,18.2
19,94,90,1004,5.14,0.61,18.5
19.69,83,90,1005,7.2,1.41,18.8
22.78,72,74,1005,5.23,1.41,19.1
24.65,71,98,1005,6.6,3.24,19.4
19.65,94,90,1008,4.12,5.63,19.7
20.35,94,90,1009,7.2,9.35,20.4
20,94,90,1007,2.06,8.57,21.9
21.3,88,90,1006,5.14,6.77,22.4
21.95,88,75,1004,4.12,6.31,22.7
22.3,88,75,1002,4.63,3.36,27.3
25.47,72,87,1002,2.46,3.36,24.3
23.65,83,75,1005,3.09,0.33,24.8
24,78,75,1006,5.14,0,27.3
24,69,0,1009,2.06,0,23.9
22.46,83,0,1010,3.09,0,22.6
22.41,66,100,1013,3.58,0,21.3
21.11,64,100,1016,1.79,0,21
20.49,67,100,1016,0.89,0,20.5
19.38,70,100,1017,0.89,0,19.8
18.03,76,23,1017,0.89,0,18.3
17.16,69,23,1018,1.34,0,17.2
16.05,78,2,1019,0.89,0,15.9
14.92,74,21,1019,0.45,0,14.3
15.23,71,47,1020,0.89,0.51,13.2
16.73,59,57,1021,0.45,1.81,15.6
18.33,51,56,1021,1.34,4.2,19
19.44,40,64,1022,0.89,7.2,21.9
20.13,32,82,1021,4.29,7.2,24
22.47,38,100,1021,0.89,12.5,25.7
24.2,35,100,1022,0.89,13.59,30
23.58,40,86,1021,0.89,12.47,33.9
24.19,39,69,1020,0.89,9.84,32.8
24.3,32,63,1019,5.36,9.84,33
24.13,47,0,1020,1.34,3.45,31.9
23.28,49,0,1020,0.45,1.36,29.7
22.16,52,0,1019,0.89,0.32,29.5
20.8,54,0,1020,1.34,0,21.3
19.69,58,0,1020,0.45,0,19.7
19.07,62,0,1021,5.69,0,17.3
19.82,62,0,1020,6.07,0,16.3
19.82,57,0,1020,0.89,0,14.9
19.26,63,0,1036,1.79,0,14.8
19.18,56,0,1028,4.46,0,14.1
18.94,53,0,1023,4.55,0,14
18.58,70,0,1022,0.89,0,15.1
18.48,60,0,1021,4.09,0,15.7
17.1,74,8,1023,3.88,0,16.1
18.33,71,14,1024,3.26,0.5,15
18.59,59,14,1023,3.48,0.5,16.5
21.97,43,12,1024,0.89,4.15,22.2
22.84,35,17,1024,1.34,7.36,27
24.2,31,0,1024,0.89,10.53,30
23.94,29,0,1023,3.28,10.53,32.5
25.87,30,0,1024,0.89,13.54,34.4
25.79,25,0,1023,4.37,13.54,36.3
25.86,31,0,1024,0.89,9.7,36
25.62,24,0,1023,0.89,6.52,36.3
25.87,16,0,1022,1.79,3.47,35.3
25.31,26,0,1022,1.34,1.37,32
24.13,35,0,1022,0.89,0.32,30.5
21.91,53,0,1022,0.89,0,26.8
20.86,60,0,1023,1.79,0,22.3
20.56,62,0,1023,0.45,0,19.9
21.36,64,0,1023,1.34,0,18.3
21.36,56,0,1023,0.89,0,17.3
20.8,61,0,1023,1.79,0,17.4
20.56,63,0,1023,0.89,0,18.2
19.91,63,0,1023,0.89,0,18.7
19.13,68,0,1023,1.79,0,18.2
18.58,70,0,1023,1.34,0,17.8
18.58,69,0,1023,1.79,0,17.3
19.2,64,0,1024,1.79,0.5,16.8
20.31,63,0,1024,3.13,1.75,19
21.42,60,0,1023,3.13,4.11,23.1
22.53,56,0,1022,2.68,7.24,26.2
22.5,49,0,1022,6.07,7.24,28.9
25.25,46,0,1021,1.79,12.59,30.9
25.29,38,0,1020,5.91,12.59,33.5
27.53,35,0,1020,1.79,12.29,35.4
27.28,38,0,1019,1.79,9.77,36.6
27.62,42,0,1018,1.79,6.47,37
26.73,49,0,1018,2.68,3.44,36.6
26.11,54,0,1017,1.79,1.35,34
24.69,60,0,1017,1.79,0.31,31.3
23.33,72,0,1016,0.89,0,27
23.03,73,0,1016,0.89,0,23.5
23.33,73,0,1016,1.34,0,21.8
23.82,69,0,1016,1.79,0,21.4
23.58,58,0,1016,3.58,0,21.7
23.42,56,0,1015,9.12,0,22.7
22.59,57,0,1014,8.7,0,22.2
21.67,70,0,1015,0.89,0,21.7
21.36,71,0,1014,0.89,0,21.2
21.11,73,1,1013,1.79,0,20.9
20.56,75,37,1014,1.79,0,20.6
20.8,76,54,1015,1.79,0.49,20.6
20.42,91,50,1016,5.59,1.73,20.6
22.22,74,49,1014,1.79,4.06,21.9
22.84,71,57,1013,1.79,4.9,26.8
23.08,71,100,1013,0.45,7.02,26.9
22.99,68,90,1010,3.6,8.53,27.7
23.23,65,0,1009,3.5,6.43,26.9
25.37,55,38,1009,3.02,6.43,26.4
22.28,78,99,1010,0.45,2.85,26.7
23.81,69,99,1009,3.59,2.85,26.3
22.04,78,75,1007,4.12,1.95,25.8
24.38,65,87,1007,3.38,1.95,25.2
22.04,79,100,1008,0.89,0.21,24.3
22.22,81,100,1007,4.21,0,23.8
21.73,85,100,1007,4.04,0,23.5
21.36,91,97,1008,4.45,0,22
21.98,88,69,1008,0.45,0,21.5
21.72,84,67,1007,0.89,0,21.5
23.14,74,68,1006,3.32,0,20.9
22.04,88,53,1006,4.26,0,21.1
21.97,91,69,1005,3.55,0,21.2
21.67,94,60,1005,3.38,0,21.7
21.67,96,10,1006,2.8,0,21.5
21.11,95,22,1006,0.45,0,21
21.11,95,40,1007,1.97,0.46,21.1
21.98,94,49,1006,1.97,1.65,21.7
23.44,85,27,1006,2.33,3.89,23.1
24.2,83,29,1007,0.45,6.94,25
26.36,75,54,1006,0.89,9.96,29.1
28.33,64,58,1006,0.89,12.11,32.7
29.44,58,56,1005,0.45,12.71,34.9
29.51,52,48,1004,0.45,11.64,35.7
31.42,48,51,1004,0.45,9.32,35.8
30.17,66,62,1004,0.89,6.11,34.3
30,59,86,1003,5.63,3.24,35.3
24.44,72,66,1005,1.79,1.26,31.8
22.16,83,78,1006,1.79,0.25,23.7
21.36,85,92,1006,1.79,0,22.1
21.06,86,94,1007,0.89,0,21.6
20.8,84,95,1007,0.45,0,21
19.39,89,100,1008,0.89,0,19.9
18.28,83,83,1009,0.89,0,18.3
18.02,87,99,1009,0.89,0,17.9
16.6,87,99,1009,0.89,0,17.3
17.01,84,98,1009,6.52,0,16.1
16.05,92,93,1009,0.45,0,16
15.49,94,94,1010,5.67,0,15.3
15.49,95,61,1010,4.92,0,15.1
16.36,91,47,1010,0.45,0.46,15.1
16.27,87,42,1010,5.62,0.46,17.1
18.89,77,22,1011,0.89,3.88,20.3
19.44,72,18,1012,0.89,6.79,21
20.8,64,0,1012,1.34,9.74,24.5
21.92,55,0,1011,0.89,11.84,25.3
22.71,52,6,1011,2.24,12.44,25.7
23.58,51,24,1010,1.79,11.4,27.3
23.83,48,23,1010,1.79,8.91,27.2
24.06,52,20,1011,0.89,5.85,24.7
25.12,44,10,1010,5.78,5.85,27.8
24.69,49,0,1011,0.89,1.21,27
24.38,49,7,1011,0.89,0.28,23.4
22.16,54,4,1012,0.45,0,23.1
20.99,62,17,1013,4.53,0,20.7
19.8,71,3,1013,4.08,0,18.6
20.2,59,0,1013,0.45,0,16.9
19.45,62,0,1013,3.06,0,15.8
18.89,65,0,1013,3.23,0,15.1
18.52,67,0,1013,0.45,0,14.2
18.04,64,0,1013,2.77,0,13.8
16.83,75,0,1012,2.61,0,13.4
15.94,76,0,1013,2.39,0,12.5
14.75,87,0,1012,0.51,0,11.8
15.23,77,0,1013,1.34,0,12.3
18.95,70,0,1017,1.68,1.67,16.5
21.11,63,0,1018,0.89,3.97,22.4
24.2,53,0,1018,0.89,7.02,27.4
23.16,46,0,1017,2.17,7.02,30.9
27.33,35,0,1017,0.89,12.28,35.4
27.6,45,0,1017,1.79,12.98,37.8
27.52,35,0,1016,1.38,12.98,37.7
28.33,45,0,1017,1.34,9.39,39.7
28.99,35,0,1016,1.35,9.39,40
29.51,30,0,1014,1.63,6.25,38.1
29.59,29,0,1013,2.45,3.31,34.6
28.67,30,0,1012,3.81,1.28,33
27.41,34,0,1012,4.57,0.29,28
25.62,40,0,1012,4.81,0,24.2
24.95,44,0,1013,4.77,0,21.7
24.9,44,0,1014,4.76,0,20.1
24.59,44,0,1014,5.01,0,19.6
24.08,44,0,1014,4.83,0,18.7
23.68,44,0,1014,4.78,0,18.3
23.34,45,0,1014,4.93,0,18.4
22.24,55,0,1031,4.27,0,18.8
21.68,68,0,1016,4.68,0,18.3
21.9,59,0,1016,4.96,0,17.7
21.81,54,0,1016,4.89,0,18.2
22.23,52,0,1017,4.73,0.46,22
23.56,47,0,1018,4.95,1.68,27.3
24.8,43,0,1018,4.68,4.01,31.3
26.37,38,0,1018,4.15,7.12,33.5
28.06,32,0,1018,3.67,10.23,37.8
29.68,27,0,1017,3.21,12.47,40.4
31.03,25,0,1017,2.89,13.14,42.5
31.92,23,0,1016,2.83,12.02,41.8
32.29,22,0,1015,2.99,9.46,41
32.25,22,0,1015,3.15,6.21,40.6
33.08,25,0,1018,2.76,1.28,38.8
32.36,24,0,1016,2.61,1.28,37.8
31.12,26,0,1015,2.64,0.29,34
26.42,40,0,1019,0.89,0,25.3
25.56,47,0,1019,0.45,0,23.6
24.69,61,96,1020,0.89,0,21.7
24.14,67,88,1020,0.45,0,22
24.13,70,40,1020,0.89,0,21.2
23.83,69,30,1020,4.15,0,20.7
23.52,69,35,1020,3.44,0,20.1
23.69,61,34,1019,2.76,0,20.4
23.51,68,0,1019,0.45,0,20.1
22.78,72,0,1019,2.33,0,20.1
22.29,74,0,1021,2.07,0.47,19.6
24.75,65,0,1021,0.89,1.71,21.4
25,58,0,1021,2.07,1.71,29.3
28.15,43,0,1022,0.89,7.35,30.8
30.07,38,0,1021,1.34,10.58,34.7
31.11,38,0,1021,0.89,12.89,36.9
33.33,33,0,1021,0.45,13.56,40.9
32.78,37,0,1020,1.79,12.4,41.2
32.28,36,0,1020,1.79,9.76,41.2
31.49,34,0,1020,1.79,6.38,41.3
30.86,40,0,1019,1.34,3.36,39.5
28.64,45,0,1019,1.79,1.28,37.9
27.22,54,0,1019,1.79,0.29,34.2
25.56,56,0,1020,2.24,0,30.1
24.44,63,0,1020,1.79,0,24.5
23.58,64,0,1020,0.89,0,23.4
23.64,65,0,1020,0.89,0,21.5
24.14,70,0,1021,0.45,0,21.2
24.13,73,0,1020,1.34,0,21.2
23.58,71,0,1020,0.89,0,21.4
23.03,73,0,1020,1.34,0,22.1
22.16,73,0,1021,0.45,0,21.7
21.3,78,0,1021,4.29,0,20.1
20.68,83,0,1021,4.03,0,19
21.67,77,0,1022,3.94,0.47,18.6
23.09,74,0,1023,1.34,1.74,20.5
24.25,69,0,1023,0.89,4.19,27.4
25.38,64,0,1023,0.89,7.45,29.5
26.97,61,0,1023,0.89,10.74,33.3
27.22,52,0,1023,0.89,13.09,35
28.71,39,0,1022,0.89,13.85,39.1
28.92,36,0,1021,4.69,13.85,40
30.67,41,0,1021,0.89,9.95,40.4
31.24,39,0,1021,0.89,6.52,39.9
30.93,39,0,1020,1.79,3.42,38.5
29.5,47,0,1020,0.89,1.3,37.1
29.46,43,0,1019,7.63,1.3,34.9
26.11,72,0,1021,0.89,0,30.3
26.08,65,0,1020,7.58,0,25.1
24.2,84,0,1022,1.34,0,24.4
23.89,86,0,1022,0.89,0,23.1
25.31,73,0,1022,1.79,0,22.9
25,70,0,1022,1.34,0,23.5
24.14,76,0,1022,0.89,0,23.7
23.03,77,0,1021,1.34,0,22.3
23.16,70,0,1021,5.89,0,22.3
21.91,82,0,1022,1.79,0,21.3
21.61,82,0,1023,1.34,0,21.1
22.22,75,0,1023,1.79,0.47,20.9
22.83,73,0,1024,0.89,1.75,22.2
23.64,71,0,1024,1.79,4.21,28
25.38,67,0,1023,0.89,7.33,29.9
24.94,62,0,1023,4.85,7.33,33.9
25.65,55,0,1021,4.52,10.58,35.4
28.64,55,0,1022,0.89,13.6,38.7
30.06,46,0,1022,0.89,12.42,39.7
30.07,38,0,1021,4.23,12.42,41.9
30.66,32,0,1019,4.55,9.77,40.5
31.23,40,0,1020,0.45,3.39,40.8
30.06,46,0,1019,1.79,1.28,39.2
29.59,42,0,1018,7.29,1.28,33.9
26.11,67,0,1019,1.79,0,30.9
24.75,74,0,1019,0.45,0,25.1
24.73,69,0,1018,7.21,0,24.2
24.86,70,0,1018,6.71,0,23.2
25.86,66,0,1020,0.89,0,23.1
25.56,73,0,1020,1.34,0,23.4
25.25,77,0,1019,1.79,0,24.2
24.69,80,0,1019,0.89,0,23.9
24.13,81,0,1019,1.79,0,23.6
23.82,85,0,1018,0.89,0,22.8
23.28,87,0,1019,0.45,0,22.6
23.89,83,0,1019,0.89,0.46,22.8
25.31,78,0,1019,1.79,1.72,24.3
26.47,74,0,1019,1.79,4.16,30.2
27.6,70,0,1019,0.89,7.41,31.9
28.39,67,0,1019,1.34,10.7,34.9
30,61,0,1018,1.79,13.07,36.7
29.94,54,0,1017,2.94,13.07,40.4
32.78,41,0,1017,0.89,12.58,39.6
32.5,38,0,1016,2.8,12.58,42.8
32.88,33,0,1014,2.62,9.88,42.8
34.44,40,0,1015,0.89,3.39,41.4
32.83,42,0,1014,0.89,1.28,40.2
31.42,46,0,1014,1.34,0.28,36.3
28.95,53,0,1014,1.79,0,33
27.53,61,0,1015,0.89,0,27.5
26.67,70,0,1015,1.34,0,26.5
26.37,67,0,1014,6.82,0,24.8
25.86,73,0,1015,0.45,0,24.5
25.87,74,0,1015,0.45,0,23.8
25.31,80,0,1015,0.89,0,23.4
25,82,0,1015,4.44,0,23.2
25.15,75,0,1014,4.12,0,23.2
24.63,87,0,1014,3.65,0,23
24.64,89,0,1015,0.45,0,22.9
25.56,83,0,1015,0.45,0.46,24
26.98,77,0,1015,0.89,1.73,25.5
27.58,71,0,1015,1.79,4.21,31.6
28.95,67,0,1015,1.34,7.49,32.8
30.87,59,0,1015,1.34,10.83,37.4
30.96,49,0,1014,2.58,10.83,39
34.44,41,0,1014,0.45,13.89,40.4
34.44,33,0,1014,1.79,12.68,42.8
34.44,34,0,1013,1.79,10.08,44.3
34.75,34,0,1012,0.89,6.62,43.5
33.89,40,0,1011,1.34,3.46,41.5
32.22,47,0,1010,1.34,1.29,41
30.56,52,0,1010,1.79,0.28,33.8
29.8,53,0,1009,6.89,0.28,31.9
27.22,64,0,1011,0.89,0,26.6
26.67,65,0,1012,1.34,0,25.7
26.36,69,0,1011,0.89,0,24.4
26.06,69,0,1011,0.89,0,24.2
25.74,74,0,1011,5.57,0,23.6
25.18,79,0,1011,5.15,0,23.3
24.94,80,0,1010,0.45,0,22.7
23.82,83,0,1010,4.79,0,22.4
24.07,79,0,1010,3.95,0,22.2
23.52,81,0,1010,0.45,0,22
24.94,79,0,1010,0.45,0.45,22.9
26.67,74,0,1011,0.45,1.72,25.1
26.39,66,0,1010,3.5,1.72,31.6
29.51,63,0,1010,0.89,7.41,33.6
31.67,52,0,1010,1.79,10.72,38.4
31.67,53,0,1009,1.34,13.11,39.7
33.89,45,0,1009,0.89,13.81,43.4
33.64,42,0,1008,1.34,12.61,43.2
34.19,37,0,1007,1.34,9.89,41.9
34.43,32,0,1006,2.69,9.89,43.5
34.14,39,0,1006,0.89,3.38,41
34.42,33,0,1004,3.79,3.38,39.7
33.86,31,0,1003,4.51,1.26,34.6
29.44,62,0,1006,0.89,0,32.3
28.03,65,0,1006,0.89,0,28.1
27.47,67,0,1007,0.45,0,27.1
28.05,58,0,1006,6.07,0,25.7
27.17,73,0,1007,0.45,0,25.4
26.91,70,0,1007,0.45,0,24.7
26.36,71,0,1007,5.26,0,24.4
25.81,75,0,1006,4.86,0,25
25.74,78,15,1005,3.56,0,24.6
26.11,70,0,1003,3.28,0,23.1
25.74,70,0,1003,3.19,0,22.8
25.74,78,8,1006,2.98,0.44,22.2
27.84,65,25,1006,3.26,1.69,23.5
29.19,57,26,1007,2.49,4.12,27.7
31.49,48,31,1006,0.89,7.36,31.6
33.95,40,15,1006,0.89,10.67,35.4
33.88,36,32,1005,1.39,10.67,37.3
32.67,51,66,1005,0.89,13.42,38.9
32.03,55,73,1004,1.79,12.25,41.2
32.58,64,78,1003,0.89,9.26,33.7
33.54,44,80,1002,2.8,9.26,23.9
31.17,52,100,1004,1.34,2.46,28.5
32.31,41,100,1003,5.28,2.46,28.2
31.93,39,100,1002,5.17,0.91,25.3
29.63,46,100,1003,2.31,0.2,25
25.17,68,100,1005,0.45,0,24
24.87,68,100,1004,6.71,0,23.1
24.32,73,100,1006,4.46,0,22.9
24.09,73,100,1006,3.48,0,22.5
23.2,80,100,1006,2.19,0,21.8
23.08,83,100,1006,0.38,0,21.3
22.1,84,100,1006,3.5,0,20.6
21.79,86,100,1006,2.81,0,20.3
20.99,88,75,1006,0.45,0,19.9
21.56,81,71,1006,3.96,0,19.5
21.58,80,71,1005,3.99,0,19.9
23.09,80,73,1009,0.89,1.48,21
25,58,78,1009,1.79,3.62,24
27.53,44,82,1009,0.89,6.37,27.9
29.44,38,10,1009,0.45,9.24,30.4
30.81,39,5,1009,1.34,11.3,32.6
31.05,36,4,1008,0.89,12.87,34.8
30.36,31,2,1008,0.89,11.75,36.5
30.43,31,2,1007,2.97,11.75,39
30.82,28,2,1006,2.73,9.2,38
28.39,53,0,1007,1.79,3.2,39.3
28.42,46,0,1006,5.02,3.2,34.3
26.36,53,0,1007,0.89,0.25,32
24.69,64,0,1008,0.89,0,28.4
24.61,56,0,1007,7.69,0,24.2
24.23,53,0,1006,7.78,0,22.2
22.96,76,0,1009,0.89,0,21.1
22.98,78,0,1009,0.45,0,20.2
22.96,80,0,1008,0.89,0,19.9
23.2,78,0,1008,6.46,0,19.9
23.21,70,0,1007,6.06,0,19.9
23.47,56,0,1006,5.68,0,20.2
23.55,46,0,1005,5.57,0,20.8
22.12,78,1,1007,0.45,0,21.4
23.51,78,33,1007,4.53,0.3,20.4
23.25,63,41,1007,1.3,0.3,21.6
21.87,94,75,1008,2.57,2.82,20.2
21.67,69,75,1005,8.75,5.65,18.8
21.35,78,75,1008,9.77,8.22,19.8
21.7,78,90,1008,6.17,10.06,23.1
22.21,94,75,1008,4.12,9.62,23.7
25.5,69,87,1007,3.37,9.62,25
28.09,54,95,1005,3.88,8.78,25.6
26.27,65,75,1006,4.12,5.53,28.9
27.83,52,100,1007,0.89,2.87,30.3
29.43,45,100,1005,3.24,2.87,30.2
27.79,37,99,1004,0.45,0.12,30.2
27.89,45,99,1004,6.2,0.12,27.4
23.58,74,100,1007,6.47,0,24.5
23.02,77,100,1007,4.76,0,23.1
25.31,66,100,1004,2.11,0,22.5
24.87,68,100,1005,3.72,0,21.8
22.78,84,100,1007,7.44,0,21.6
23.32,70,100,1005,4.09,0,21.5
22.1,93,98,1008,0.45,0,21.4
21.12,88,98,1007,6.61,0,20.5
18.58,93,100,1009,7.5,0,19
18.55,85,100,1007,4.4,0,18.6
18.59,84,100,1007,1.74,0,18.5
18.02,97,100,1009,0.45,0.42,18.2
18.28,97,100,1009,1.8,1.03,19
18.82,97,100,1008,0.89,5.03,19.5
20.25,92,100,1008,0.45,7.31,20.5
22.97,85,100,1007,0.89,8.95,24
25.31,72,100,1007,0.45,11.97,32
25.86,69,75,1006,0.89,10.92,35.5
27.28,63,60,1006,1.79,5.37,36.3
27.04,63,63,1006,1.79,5.59,37.9
27.7,53,56,1005,2.52,5.59,33.5
26.42,69,0,1005,1.34,1.06,29.1
26.67,68,0,1005,0.45,0.23,29.4
25.18,77,0,1006,2.9,0,26.8
24.08,85,0,1007,2.74,0,24.2
24.43,74,2,1006,2.63,0,22.8
24.45,75,0,1006,2.78,0,21.8
24.46,69,0,1007,2.38,0,21.1
24.47,67,0,1007,2.25,0,20.4
22.97,81,0,1006,2.7,0,19.8
22.6,82,0,1006,3.07,0,19.5
22.6,84,0,1006,3.04,0,20.1
20.43,78,0,1008,0.45,0,18.8
21.19,69,20,1008,3.27,0,17.8
21.13,68,31,1008,2.91,0,17.4
21.39,67,36,1009,3.26,0.27,19.4
22.17,69,50,1010,0.45,2.57,20.6
21.91,71,45,1013,0.45,3.84,22
23.32,73,90,1009,3.6,5.6,22
22.63,77,90,1012,3.09,6.86,21.7
21.71,73,90,1010,5.14,3.93,21.1
20.34,88,90,1010,9.26,3.58,20.2
22.28,72,95,1011,8.91,3.58,18.6
17.49,94,90,1010,12.86,0.72,17.6
16.42,97,100,1013,0.89,0.37,16.9
16.67,97,100,1013,1.34,0.14,17.4
16.67,92,100,1013,0.89,0.02,16.9
16.92,87,100,1014,0.89,0,17
16.97,85,100,1014,9.29,0,16.7
16.97,89,100,1016,0.45,0,16.5
16.42,89,100,1017,0.89,0,15.4
16.59,86,100,1017,7.73,0,15.2
16.11,89,96,1018,1.34,0,15.4
16.67,85,100,1017,0.89,0,15.5
16.67,87,100,1017,0.89,0,16
16.11,88,96,1017,0.45,0,15.3
15,86,97,1016,0.89,0,15.1
15,84,98,1017,0.89,0,14.9
15,85,99,1017,0.89,0.08,14.8
15.56,87,99,1018,0.89,0.32,15.5
15.56,89,99,1018,1.79,0.78,16.7
17.29,82,97,1018,0.89,1.53,17.1
18.71,81,100,1018,0.89,2.23,19.6
18.45,81,100,1018,6.49,2.23,21.9
18.71,80,100,1016,6.69,2.73,21.3
20.61,84,100,1017,1.79,3.64,20.7
20,90,100,1017,0.89,2.32,22.7
19.44,95,100,1017,0.89,1.17,22.8
21.18,83,100,1016,1.79,0.6,22.3
21.06,84,100,1016,0.89,0.21,23
20.25,84,100,1015,1.34,0.02,21.3
20.25,85,99,1016,0.89,0,20
19.69,90,100,1016,1.34,0,18.9
18.82,93,99,1016,0.89,0,18.4
19.29,85,99,1016,5.83,0,18.4
19.27,85,100,1015,5.45,0,18.6
19.18,86,100,1014,6.84,0,18.4
19.37,84,100,1013,5.99,0,18.5
18.33,98,97,1015,4.65,0,18.3
18.02,99,99,1012,3.13,0,18.1
17.78,99,100,1014,0.45,0,18
18.03,98,100,1014,0.89,0,18.3
18.33,98,100,1014,0.45,0.21,18.2
18.7,95,100,1013,3.51,0.21,18.3
18.64,98,100,1014,2.87,2.05,19.6
18.33,98,100,1015,0.89,4.63,20.3
18.59,95,99,1014,2.26,4.63,20.8
19.44,97,99,1014,0.89,8.3,23.5
18.87,92,99,1013,7.89,8.3,23.7
21.72,85,99,1012,1.34,10.14,26.9
21.31,92,83,1012,0.89,1.4,30.2
20.97,95,100,1012,1.79,2.99,25.7
21.18,97,96,1012,0.89,1.53,25
20.79,89,94,1011,6.63,1.53,22.1
19.94,95,91,1012,0.89,0.09,20.9
19.38,95,38,1013,0.89,0,19.9
19.14,96,90,1013,0.89,0,19.4
19.44,95,93,1013,0.89,0,19.3
19.44,95,63,1014,1.34,0,19.3
19.44,96,66,1014,1.34,0,19.4
19.44,94,81,1014,0.45,0,19.4
18.89,96,74,1014,0.45,0,18.8
18.89,97,80,1014,0.45,0,18.7
18.33,97,52,1014,0.89,0,18.4
18.33,97,92,1014,0.45,0,18.4
18.33,95,88,1013,3.9,0,18.1
18.33,97,90,1014,0.89,0.18,18.1
18.49,94,90,1013,4.28,0.18,18.5
18.89,93,93,1014,1.34,1.78,19.2
19.66,89,93,1014,5.02,1.78,21.3
21.36,87,100,1016,0.45,6.97,23.9
22.78,80,100,1016,1.34,8.55,23
24.44,76,100,1015,1.34,12.33,26.5
25,74,99,1015,0.89,11.25,27.4
25.25,70,99,1015,0.89,7.18,29.1
24.25,69,88,1016,0.45,5.83,27.4
25,69,12,1016,0.45,2.98,27.1
25,68,23,1015,0.89,1.05,25.9
23.16,73,24,1015,0.89,0.22,25.2
22.28,77,35,1016,0.45,0,23.4
21.42,82,43,1016,0.45,0,22.6
21.11,88,36,1017,0.89,0,20.7
20.31,92,2,1016,0.45,0,20.4
20,95,6,1016,5.12,0,19.9
20,95,18,1017,0.45,0,19.7
20,96,44,1016,0.45,0,19.9
19.69,97,33,1016,0.45,0,19.8
19.44,97,30,1016,0.89,0,19.4
19.44,97,52,1016,3.73,0,19.2
19.14,97,76,1016,0.89,0,18.6
19.13,97,70,1017,0.45,0.35,18.7
19.2,95,59,1017,0.89,1.46,19.4
19.47,89,56,1016,4.48,1.46,19.8
20.42,83,59,1015,4.79,3.64,24.8
21.68,76,97,1016,4.23,6.5,26.2
24.44,72,65,1016,1.34,11.68,26.9
24.19,68,70,1016,5.77,11.68,26
25.03,61,67,1014,5.77,11.83,25.5
25.53,57,69,1014,5.59,10.78,25.7
25.8,56,72,1014,5.31,8.4,27.2
24.92,58,100,1013,5.12,3.61,27.2
24.53,60,100,1013,5.47,1.85,24.9
24.17,61,97,1012,5.49,0.65,26.2
22.17,74,81,1015,0.89,0,22.3
21.53,75,73,1014,5.55,0,21.5
20.55,78,70,1014,5.15,0,20.3
19.8,81,5,1015,4.92,0,20.2
19.27,81,15,1015,5.09,0,19.5
18.82,81,30,1015,4.83,0,19
18.58,92,42,1017,0.89,0,17.9
18.04,87,42,1016,4.67,0,17.8
17.34,84,47,1015,4.59,0,17.2
17.47,95,16,1017,0.45,0,16.9
16.86,91,14,1016,4.41,0,16.6
16.27,90,11,1015,4.69,0,16.5
16.02,87,9,1015,5.1,0.33,18
19.51,76,7,1019,0.89,3.41,19.9
20.87,59,11,1020,1.34,6.36,23.7
22.53,56,0,1020,0.89,9.32,24.7
24.51,44,0,1020,1.34,11.45,29.7
25.87,44,0,1019,0.89,12.18,31
26.67,45,0,1019,1.34,11.09,33.2
26.23,43,0,1018,4.43,11.09,33.6
26.4,41,0,1017,4.18,8.64,33.6
