0,18.86,79,17.78,98,18.4
1,18.83,80,19.93,100,17.7
2,18.58,78,19.14,99,17.4
3,18.03,82,17.13,99,17.3
4,17.17,85,16.31,15,16.4
5,16.6,88,15.85,8,15.2
6,18.09,81,19.31,5,15.8
7,18.33,82,19.4,4,20.2
8,18.42,76,17.27,4,23.7
9,20.31,72,20.71,5,25.5
10,21.67,71,23.1,1,27.5
11,22.53,61,23.39,1,33.7
12,23.33,58,24.18,0,33.1
13,24.5,59,26.15,0,37.1
14,24.2,54,24.31,0,35.6
15,24.51,52,25.46,0,35.5
16,23.64,54,21.32,0,33.4
17,22.29,62,22.84,0,28.3
18,21.11,67,22.01,0,26
19,20.39,68,17.61,0,22
20,18.89,75,19.65,0,19.5
21,18.33,78,19.12,0,18.1
22,18.58,83,19.81,0,17.5
23,18.02,82,18.66,5,16.9
0,18.27,83,19.38,0,16.8
1,17.74,81,15.57,0,16.6
2,17.71,85,19.07,16,16.4
3,17.17,88,18.53,18,16.3
4,16.86,90,18.24,18,15.1
5,15.66,94,14.72,9,14.3
6,19.01,77,18.22,6,14.6
7,19.19,78,20.28,5,19.2
8,20,77,20.99,4,23.4
9,21.18,70,22.35,5,27.2
10,21.67,71,23.1,1,30.6
11,22.29,68,23.37,1,30.5
12,22.53,69,23.48,0,32.2
13,22.47,70,23.48,0,29.8
14,23.64,66,25.67,0,31.6
15,23.4,62,24.33,9,32.1
16,23.69,57,24.56,24,31.7
17,22.53,54,22.44,14,26.9
18,21.36,68,22.43,30,24.9
19,19.69,78,20.96,46,22
20,18.97,79,17.24,43,19.4
21,18.33,85,19.91,32,18.4
22,18.02,85,16.67,16,17.7
23,18.27,89,19.8,1,16.5
0,18.07,87,16.93,9,16.8
1,18.28,92,20.02,18,16.5
2,17.92,90,17.85,19,16.3
3,17.61,88,17.17,17,16.1
4,17.31,89,16.98,1,15.5
5,17.17,89,16.76,0,14.6
6,18.95,87,19.22,3,14.6
7,19.75,82,21.34,2,19.2
8,20.56,80,22.62,1,22.2
9,21.98,75,24.18,6,27
10,21.91,68,22,3,29.6
11,24.51,64,26.67,0,33.5
12,24.05,58,23.46,0,35.2
13,24.1,54,23,0,35.8
14,24.29,51,22.8,2,36.4
15,24.88,55,25.95,5,34.5
16,24.9,50,23.11,3,33.1
17,24.44,47,22.09,14,29
18,23.29,50,20.56,12,27.6
19,20.31,80,18.85,9,23.4
20,19.69,86,21.56,7,20.4
21,19.49,83,17.83,7,19.4
22,19.35,80,17.75,48,18.8
23,19.38,89,21.35,45,18.3
0,19.38,92,19.1,37,18.3
1,19.14,91,21.16,27,18.1
2,18.82,91,18.35,23,17.9
3,18.83,92,18.93,32,17.8
4,18.28,93,18.15,18,16.9
5,18.57,92,19.03,9,17.2
6,19.44,88,21.67,6,17.6
7,21.11,82,23.55,5,19.3
8,22.22,76,23.98,8,23.8
9,23.09,73,25.25,25,26.8
10,24.19,70,25.89,100,27.1
11,24.75,70,27.62,100,30
12,24.2,68,26.53,100,29
13,24.44,68,26.67,100,28.9
14,24.19,66,25.09,100,28.5
15,24.06,63,23.84,100,27.3
16,22.78,73,22.85,100,26
17,22.78,76,25.4,100,24.9
18,22.22,71,21.34,100,24.4
19,22.01,71,21.43,100,23.9
20,21.05,82,21.07,100,22.3
21,20.74,84,20.48,100,21.5
22,20.75,87,20.26,100,21
23,18.33,81,19.33,100,18.8
0,18.02,87,19.32,100,18.2
1,17.98,86,16.41,100,17.8
2,17.47,87,18.56,85,17.7
3,17.47,86,15.82,93,16.7
4,16.87,87,15.15,96,16.4
5,14.93,92,15.76,98,15.1
6,14.78,87,12.07,97,15.1
7,15.61,83,15.83,78,16.4
8,18.15,75,18.98,64,21.2
9,20.06,71,20.92,53,24.9
10,21.72,66,22.74,0,29
11,22.22,63,23.15,0,31.2
12,23.09,54,23.49,0,32.3
13,23.64,51,23.6,0,33.6
14,25.07,49,25.88,0,34.1
15,24.68,43,24.45,0,33.2
16,24.14,40,23.48,0,31.1
17,23.72,38,21.13,0,28.6
18,22.47,47,22.05,0,26
19,20.5,56,20.32,0,22.2
20,19.93,53,17.56,0,18.9
21,18.18,65,15.45,0,16.9
22,17.1,79,14.17,0,15.8
23,16.29,86,13.71,0,15.1
0,15.74,88,13.95,0,13.9
1,14.59,91,13.12,0,13.1
2,13.38,95,12.38,0,12.5
3,14.43,90,14.99,0,11.7
4,14.27,80,14.24,0,11.3
5,13.86,81,12.78,0,11.2
6,12.69,89,11.75,0,11.2
7,15.56,78,14.94,0,15.5
8,18.09,70,17.44,0,20.9
9,20.87,58,21.26,0,26.4
10,23.08,49,23.32,0,29.8
11,22.47,42,19.9,0,33.1
12,23.1,35,20.13,0,34.5
13,26.42,33,25.85,0,35.7
14,25.56,32,23.75,0,36.2
15,25.87,32,24.76,4,35.5
16,25.73,46,26.11,45,34
17,23.27,54,23.72,37,31.5
18,21.86,58,21.61,56,27.1
19,20.6,59,17.95,56,22.8
20,19.38,75,20.62,44,19.8
21,18.83,78,17.47,36,18.6
22,18.22,84,16.87,0,17.7
23,18.19,82,16.66,0,16.5
0,17.59,86,16.39,0,15.8
1,16.74,90,15.79,0,15.3
2,16.15,92,15.36,0,14.9
3,18.34,63,16.45,0,14.4
4,15.88,91,14.93,0,14.5
5,17.42,63,15.1,16,14.5
6,17.96,72,18.22,12,14.8
7,20.31,61,19.84,12,18.6
8,21.42,49,20.28,10,22.4
9,22.41,50,22.25,10,27.7
10,24.19,47,23.92,35,28.2
11,24.2,47,24.56,46,30.5
12,24.44,48,24.96,44,32.1
13,25.56,46,25.89,37,33
14,25.81,39,24.21,33,33.1
15,26.2,35,24.66,28,32.2
16,24.75,45,24.75,0,31.5
17,24.13,47,23.53,0,29.3
18,23.33,53,23.71,1,27.1
19,22.17,59,23.04,1,24.1
20,21.91,60,22.48,10,21.1
21,21.67,65,22.9,19,19.8
22,21.36,74,23.24,43,19.1
23,20.8,82,23.33,42,19.7
0,20.42,72,20.71,42,18.3
1,20.75,79,21.48,48,18.5
2,20.42,71,20.79,41,17.9
3,19.88,72,20.45,42,17.2
4,17.97,81,18.51,21,16.1
5,16.7,91,17.77,16,15.2
6,16.61,93,15.53,75,16
7,17.22,92,18.86,10,16.8
8,18.95,85,20.76,8,18.8
9,21.79,71,23.27,20,23.8
10,24.5,63,26.25,0,29.3
11,24.12,57,23.78,0,32.8
12,23.73,56,22.64,1,34
13,23.39,57,21.51,7,34.3
14,22.87,61,20.38,16,31.8
15,25.31,56,26,25,32.3
16,25.25,51,26.02,93,30.6
17,23.99,50,19.74,94,28.2
18,22.97,54,23.02,98,25.3
19,20.5,69,21.04,98,22.1
20,18.82,77,19.7,84,19.2
21,17.78,78,14.64,70,17.3
22,17.34,69,13.64,36,16.3
23,16.6,82,13.83,0,15.5
0,15.99,83,13.43,0,14.8
1,15.44,84,13.14,0,14.2
2,15.37,75,12.85,0,13.4
3,14.33,87,12.11,0,12.8
4,13.72,90,11.64,0,12.2
5,12.57,92,10.45,0,11.7
6,13.02,83,10.62,0,11.2
7,17.78,70,18.16,0,14.8
8,19.75,62,19.83,0,19.4
9,21.42,56,21.5,0,24.2
10,22.53,49,22.31,0,28.9
11,22.84,48,22.3,0,31.1
12,23.4,43,23.16,0,32.6
13,22.22,62,22.43,0,30
14,21.05,63,21.28,0,33.9
15,21.91,50,19.43,0,32
16,21.67,60,21.53,11,29.2
17,21.11,59,21.35,35,27.4
18,19.69,63,19.82,41,25.6
19,19.29,60,15.39,36,21.8
20,17.22,68,17,24,18.5
21,16.67,74,13.44,20,16.5
22,15.75,81,12.93,0,15.7
23,15.52,77,12.67,0,14.2
0,15.41,77,12.88,0,13.8
1,14.33,88,12.58,10,13.5
2,14.82,76,14.42,19,12.8
3,14.02,91,12.72,20,12.1
4,14.66,77,12.76,1,11.4
5,15.39,72,15.22,3,11.4
6,15.63,88,15.02,2,12.8
7,19.19,75,19.43,2,18.2
8,20.31,70,21.18,1,22.9
9,19.74,64,18.03,1,24.2
10,21.67,62,22.02,0,29.3
11,22.78,52,22.27,0,26.4
12,23.64,45,23.34,0,28.1
13,24.2,47,24.25,0,32
14,24.51,45,24.44,0,32.7
15,24.75,43,24.23,0,32.7
16,23.95,46,22.58,0,29.7
17,22.78,53,22.36,0,28.7
18,21.36,64,22.09,0,25
19,20,71,20.53,0,21.1
20,19.69,74,20.65,0,19
21,19.69,75,20.73,0,17.9
22,19.69,75,20.73,0,17
23,19.69,74,20.65,0,17
0,19.69,73,20.58,0,16.8
1,19.13,74,19.9,0,17.4
2,18.82,77,19.7,0,17.3
3,18.28,79,19.12,0,16.8
4,17.71,81,15.68,0,16
5,17.4,85,15.74,0,16
6,18.33,80,19.26,0,16.6
7,19.75,74,20.73,0,19.9
8,19.34,72,17.96,0,22.8
9,21.67,67,22.13,0,25.8
10,23.33,62,23.92,0,29
11,25,56,26.21,0,30.1
12,23.39,72,22.63,40,32.2
13,25.56,46,25.89,0,32.9
14,25.32,41,23.53,0,34.8
15,25.57,37,23.34,0,31.9
16,26.49,36,23.89,0,29.9
17,25,44,24.96,0,28
18,23.89,52,24.34,0,26.2
19,22.47,69,24.02,7,23.9
20,21.91,68,23.48,25,21.2
21,21.36,69,22.51,38,19.9
22,21.05,72,22.34,100,18.6
23,20.8,72,22,24,18.4
0,20.19,77,21.87,17,18.1
1,19.93,78,21.59,13,17.8
2,19.63,74,20.57,19,17.2
3,19.08,75,20.22,16,16.8
4,18.51,76,19.22,0,16.7
5,18.52,74,16.72,0,16.5
6,18.28,78,16.74,0,16.6
7,19.38,77,20.46,0,18.5
8,20.86,68,21.76,0,22.2
9,22.54,65,23.13,0,25.8
10,23.95,61,25.3,0,30.9
11,25.62,51,26.51,0,32.2
12,26.67,46,26.71,0,33.8
13,27.78,35,27.14,0,34.5
14,27.78,35,27.14,0,34.5
15,28.08,34,27.39,0,34.7
16,27.84,35,27.21,0,32.7
17,27.35,34,24.12,0,31.6
18,25.97,42,22.59,0,28.8
19,23.33,59,23.96,0,25.2
20,22.46,61,19.96,0,22.2
21,21.92,64,22.84,0,20.6
22,21.52,66,19.31,0,19.5
23,21.38,65,18.71,0,19.1
0,20.89,64,18.32,0,19.2
1,21.36,68,22.43,1,19.3
2,20.87,64,17.96,1,19.9
3,20.45,63,17.24,1,19.5
4,19.06,77,16.21,0,17.7
5,19.26,70,16.3,0,17.8
6,19.12,67,15.97,0,17.6
7,20.56,69,21.12,0,19.9
8,21.73,64,22.27,0,22.3
9,21.77,59,18.88,0,25.8
10,22.82,53,19.87,6,30.4
11,24.32,46,21.34,40,31.3
12,25.4,43,22.38,62,32.7
13,28.33,38,27.58,2,34.8
14,28.08,37,24.49,2,36.1
15,28.34,35,24.56,1,36.3
16,30.69,28,30.13,0,34.5
17,29.71,31,25.65,0,33.6
18,28.75,35,25.03,0,31.3
19,27.27,40,23.94,0,27.6
20,25.45,47,22.37,0,24.1
21,24.87,52,22.17,0,21.8
22,23.71,59,21.23,0,20.1
23,23.86,61,21.3,0,20
0,23.64,62,24.97,0,20.4
1,23.35,64,21.23,0,22.4
2,23.05,66,21.01,14,22
3,22.66,68,20.85,29,21.7
4,22.78,74,24.91,99,21.7
5,22.52,72,21.63,90,21.5
6,22.3,70,21.06,89,21.2
7,22.76,66,20.9,90,23
8,23.66,62,21.99,88,23
9,24.1,60,23.16,88,24.9
10,25.1,56,25.48,100,27.3
11,27.18,48,28.25,100,30.5
12,29.38,41,30.09,100,34
13,30.48,38,30.35,100,35
14,31.3,36,30.72,100,36
15,32.04,35,31.61,98,29.4
16,26.48,53,24.44,51,26.9
17,27.55,51,26.44,51,26.4
18,23.28,66,24.23,69,24.4
19,22.33,72,19.18,65,22.5
20,21.01,78,18.26,55,21.1
21,20.24,83,18.3,46,20.9
22,20.09,86,19.3,80,20
23,19.8,89,18.47,90,19.6
0,19.69,95,22.24,100,19.6
1,19.6,93,18,92,19.8
2,19.56,92,19.38,81,20
3,19.69,97,21.3,100,20.1
4,19.69,97,22.39,100,19.8
5,19.98,95,19.71,100,19.7
6,20.22,93,21.97,100,19.8
7,20.62,91,23.48,100,20.2
8,20,97,22.21,100,21.8
9,20.86,94,23.87,100,22.9
10,21.51,89,24.11,100,26.1
11,23.89,82,27.27,85,28.7
12,25.05,73,28.1,75,32.6
13,25.85,67,28.05,69,28.3
14,27.45,60,29.64,61,28.9
15,26.98,61,29.09,59,32.1
16,26.91,61,28.98,56,28.9
17,27.12,60,29.44,50,31.2
18,26.99,59,29.51,38,29.5
19,25.98,65,28.59,29,25.4
20,21.6,94,24.27,30,22.9
21,21.31,95,23.93,13,21.8
22,22.41,83,24.24,0,21.2
23,20.44,97,22.45,0,20.6
0,20.19,98,22.05,0,19.4
1,20.92,89,22.52,0,19.7
2,21.04,85,22.29,0,19.6
3,21.11,91,22.42,0,19
4,19.31,89,21.25,0,19.2
5,19.28,73,16.1,0,17.4
6,16.92,64,16.36,0,16.7
7,17.4,48,12.57,0,17.4
8,19.19,36,16.89,0,21.2
9,20.56,30,18.01,0,24.4
10,21.43,30,19.33,0,27.8
11,21.47,26,16.13,0,30.9
12,22.61,22,17.72,0,32.4
13,23.76,20,19.17,0,33.5
14,24.44,31,22.94,0,34
15,24.44,29,22.74,0,33.3
16,24.93,32,23.94,0,32.3
17,24.07,31,22.5,0,30
18,24.02,29,21.6,0,27
19,20.98,43,19.81,0,23.5
20,20.43,41,17.84,0,19.6
21,19.63,44,18.32,0,17.8
22,18.9,49,15.87,0,16.2
23,18.52,61,16.07,0,14.2
0,18.53,59,18.36,0,13.5
1,17.97,50,14.04,0,13.1
2,17.78,56,14.41,0,12.6
3,18.34,50,14.93,0,12
4,18.33,60,18.18,0,11.5
5,17.71,55,14.38,0,10.9
6,17.47,61,17.16,0,12.3
7,18.09,58,17.12,0,17.1
8,19.44,57,17.8,0,20.4
9,19.58,51,15.62,0,23.9
10,20.84,47,17.14,0,27.3
11,24.44,47,23.92,0,31.1
12,25.56,45,25.16,0,32.8
13,26.67,45,26.91,0,32.8
14,26.97,46,27.73,0,34.3
15,27.61,42,28.09,0,34
16,27.73,40,26.49,0,33.2
17,27.59,46,28.55,0,32.3
18,26.98,48,28.29,0,30.3
19,24.75,55,22.9,0,27.2
20,23.33,69,22.43,0,23.6
21,23.33,75,26.09,0,21.8
22,24.2,68,23.26,0,21.4
23,24.44,59,22.19,0,20.7
0,25,59,26.53,0,21.2
1,24.22,58,21.87,0,23.1
2,23.58,73,25.63,0,22.9
3,23.02,77,25.21,45,22.5
4,22.16,80,21.12,0,21.6
5,21.91,82,24.38,16,21.4
6,22.53,78,24.29,21,21.2
7,23.09,78,25.72,26,23.4
8,23.39,76,25.33,34,26
9,24.2,76,27.13,0,28.5
10,25,73,25.77,0,29.3
11,26.09,58,24.2,0,28.8
12,24.63,54,16.06,75,25.4
13,26.84,47,26.49,58,22.7
14,20.95,88,20.56,90,20.7
15,22.29,88,20.69,75,23.3
16,23.35,60,22.15,75,25.4
17,22.82,73,22.63,75,24.6
18,21.99,73,21.82,75,24.6
19,20.3,82,19.51,75,22.9
20,20.46,82,20.08,0,20.9
21,19.46,82,19.74,0,19.8
22,19.46,93,20.21,0,18.4
23,18.93,93,19.46,0,18.2
0,18.69,93,19.82,72,17.8
1,19.76,88,19.84,63,17.9
2,18.52,96,20.64,42,17.7
3,18.27,95,17.86,35,17.7
4,17.78,96,19.59,0,17.6
5,17.72,97,17.14,0,17.3
6,18.39,89,17.72,0,18.2
7,21.18,83,23.43,0,20.3
8,23.94,75,26.96,0,24.3
9,26.19,67,29.06,0,28.6
10,28.7,59,32.02,0,33.1
11,29.5,54,32.2,0,35.7
12,29.5,47,29.44,0,38
13,32.29,41,34.18,0,39.5
14,32.84,39,34.61,0,40.4
15,32.78,37,34.2,0,39.7
16,32.2,34,30.6,5,37.7
17,30.25,43,31.71,11,34.2
18,30.49,38,27.46,18,30.8
19,26.42,48,23.07,37,27.5
20,22.71,53,21.65,64,24.5
21,20.73,53,20.37,70,19.9
22,19.38,55,18.83,100,19.3
23,18.58,57,17.97,100,18.1
0,16.84,61,16.07,94,16.6
1,15.17,65,14.24,95,15.1
2,13.82,71,13.2,76,13.6
3,13.73,59,8.04,70,11.8
4,11.91,74,10.69,0,11.5
5,11.05,77,10.08,0,11
6,12.29,71,7.6,0,11.8
7,13.95,64,12.69,0,15.5
8,15.86,59,14.74,0,19
9,17.54,51,16.59,0,25.7
10,19.75,42,18.31,0,27.2
11,19.73,38,16.11,0,30.6
12,21.43,38,19.37,0,32.6
13,21.11,52,20.14,0,33.7
14,21.44,46,17.49,0,32.7
15,21.67,47,20.43,0,30.1
16,21.36,46,20.59,0,28.6
17,20.8,51,19.36,0,27.2
18,20.21,49,16.05,0,23.4
19,18.02,58,17.34,0,19.6
20,16.91,60,16.4,0,16.9
21,16.73,62,12.44,0,15
22,16.55,64,12.01,0,14.7
23,15.5,75,11.73,0,13.9
0,14.93,78,11.52,0,13.6
1,15.04,85,12.07,0,13.1
2,16.05,74,15.87,0,13.1
3,16.05,76,15.99,0,12.4
4,16.05,79,16.17,0,12.1
5,15.81,80,15.92,0,11.9
6,16.73,76,16.56,0,13.1
7,16.83,73,14.31,0,17.9
8,19.14,69,18.92,0,21.3
9,20.56,67,20.96,0,26.4
10,22.22,64,23.24,0,27.5
11,23.7,59,24.77,49,29.5
12,24.2,56,25.14,45,31.8
13,25.06,54,25.46,35,34.3
14,26.48,49,27.12,0,35.6
15,26.98,48,27.35,0,34.9
16,27.6,35,27.23,0,33.6
17,26.73,49,28.07,0,31.6
18,25.25,57,26.96,0,29
19,22.78,70,24.54,0,25.7
20,21.91,80,24.21,0,22.6
21,21.26,84,20.82,0,20.4
22,21.05,87,20.88,0,20.2
23,20.44,92,20.94,0,19.9
0,19.79,95,20.38,0,18.8
1,20.93,85,21.37,0,18.2
2,20.74,85,21.16,0,17.6
3,20.2,78,20.07,2,16.7
4,19.82,84,19.73,4,16.4
5,19.82,82,19.61,2,16.4
6,20.8,87,23.21,1,17.5
7,22.22,79,24.87,1,21.6
8,23.89,72,25.97,1,24.7
9,24.76,67,26.71,46,28.7
10,26.18,62,28.49,98,27.5
11,27.34,57,29.54,99,32
12,27.61,58,30.04,99,34
13,28.64,51,30.91,99,33.1
14,28.08,56,30.45,96,31.9
15,26.74,60,29.05,99,29.6
16,24.44,74,27.28,100,29.1
17,25.31,64,25.47,100,26.4
18,20.31,88,22.59,100,24.1
19,20.56,93,23.65,100,22.7
20,20.25,95,22.11,100,21.8
21,19.69,96,22.62,100,21.1
22,20.19,87,20.97,100,20.2
23,19.35,88,18.66,100,18.8
0,18.02,97,19.12,100,18.8
1,17.16,98,17.84,100,18.4
2,16.6,98,18.38,100,17.6
3,16.36,98,14.79,94,17.1
4,16.05,98,14.94,78,16.9
5,15.18,93,16.15,58,16.3
6,15.8,81,14.24,53,15.4
7,18.09,65,18.22,42,18.4
8,20,55,19.61,34,22.3
9,22.29,46,22.05,35,29.2
10,22.46,36,18.9,18,31.2
11,26.17,36,25.88,0,34
12,27.3,30,26.57,0,36
13,27.47,29,26.65,0,38
14,27.83,25,26.28,0,39.2
15,28.15,28,26.91,0,36.7
16,26.3,39,26.07,0,36.1
17,24.69,41,23.63,0,32.5
18,24.92,36,22.23,0,25.9
19,22.71,47,20.73,3,23.4
20,21.85,59,22.62,8,22.2
21,22.02,66,20.67,27,20.1
22,21.16,66,19.7,84,20
23,21.08,61,19.97,87,18.7
0,20.04,74,21.43,88,18
1,18.38,77,19.42,86,17.5
2,16.36,82,16.76,69,16.3
3,16.36,81,17.01,75,15.8
4,14.63,82,14.5,55,15.1
5,13.82,83,13.82,61,14.2
6,14.44,77,13.99,44,13.8
7,15.87,64,15.36,33,15.7
8,17.78,45,15.86,26,19.3
9,18.89,43,17.36,17,25.3
10,19.44,43,18.01,72,25.3
11,20,41,18.53,67,26.7
12,20.18,35,14.58,72,27
13,19.72,48,12.84,20,26.7
14,20.25,43,18.67,80,27.2
15,19.68,42,17.6,78,25.6
16,20.8,39,19.33,48,24.5
17,19.69,42,18.24,74,24.4
18,19.13,42,16.94,83,23.3
19,18.02,43,12.96,87,21.2
20,17.16,63,16.28,100,17.6
21,15.8,66,15.08,100,15.8
22,15.25,70,14.93,100,14.7
23,14.38,71,13.9,100,13.7
0,13.82,74,10.43,89,12.8
1,13.27,76,12.46,68,12
2,12.09,83,11.63,55,11.2
3,11.29,77,7.72,41,10.6
4,10.74,75,7.01,0,9.9
5,10.75,71,9.15,0,9.2
6,11.91,64,10.23,0,9.1
7,13.95,57,12.32,0,12.6
8,16.17,52,14.69,0,16.6
9,18.08,45,15.11,0,20.8
10,18.64,45,17.51,0,24.9
11,19.75,41,18.23,0,28.9
12,19.68,34,17.59,0,32
13,20.62,39,19.12,0,34.4
14,21.18,36,19.54,0,34.2
15,20.31,49,19.22,0,34.1
16,19.69,52,18.36,0,32.3
17,19.44,53,18.76,0,27.7
18,18.27,57,16.96,0,24.2
19,16.91,61,15.53,0,21
20,15.56,63,14.91,0,17.1
21,15.57,61,11.5,0,14.8
22,14.44,69,10.78,0,13.6
23,14.81,69,14.32,0,12.8
0,14.85,65,11.74,0,11.7
1,14.65,63,11.61,0,11
2,13.68,81,13.16,0,10.7
3,13.9,72,12.73,0,10.3
4,13.91,68,11.4,0,9.9
5,13.72,72,11.57,0,9.7
6,15.93,69,15.73,0,10
7,16.98,72,16.94,0,15
8,18.08,68,18.1,0,20.1
9,19.52,63,19.6,0,24.4
10,19.28,53,17.61,0,27.2
11,21.67,48,21.14,0,30.9
12,22.78,44,22.17,0,32.8
13,23.89,41,22.95,0,34.7
14,22.78,38,21.31,0,35.6
15,22.23,36,17.75,0,34
16,23.33,27,20.62,0,31.2
17,22.53,27,20.33,0,29.1
18,21.54,33,16.5,0,26.5
19,19.44,50,18.53,0,22.5
20,18.58,49,14.8,0,18.6
21,17.22,64,17.05,0,16.5
22,16.91,72,14.44,0,15.3
23,16.56,81,14.62,0,14.6
0,16.77,85,15.17,0,14.1
1,17.71,79,18.67,0,14.3
2,17.71,73,18.27,0,13.7
3,17.4,76,18.06,0,14.2
4,16.54,80,14.79,0,14.5
5,16.37,77,14.5,0,14.3
6,18.03,75,18.82,0,14.8
7,19.2,69,19.63,0,18.6
8,20.86,65,21.51,0,22.5
9,21.73,60,22.24,0,25.8
10,23.16,56,24.07,0,28.7
11,23.89,57,24.83,0,31.8
12,23.89,47,23.22,0,33.5
13,24.44,40,23.22,0,35
14,25.56,34,24.6,0,35
15,25.87,35,25.09,10,33.9
16,25.31,36,24.51,65,33.4
17,25.06,41,24.73,69,31.4
18,23.33,53,23.71,69,28.5
19,20.8,70,21.21,62,24
20,20,73,20.68,57,20.6
21,19.68,72,16.75,52,18.9
22,20.25,80,22.19,0,18.2
23,19.82,77,17.82,0,17.9
0,19.69,82,17.81,0,17.8
1,19.93,74,20.98,0,17.3
2,19.13,77,20.12,5,17.7
3,18.27,83,16.51,12,17.5
4,18.14,78,16.3,11,16.7
5,17.41,89,18.92,5,16.4
6,18.89,82,20.16,5,17.1
7,20.31,76,21.65,4,20.5
8,21.67,74,23.36,15,24
9,21.25,68,20.4,14,28
10,22.05,60,21.07,4,30.9
11,25.06,58,26.5,11,33.8
12,25.87,47,26.09,29,36.3
13,26.67,43,27.3,22,36.9
14,25.81,35,25.01,18,35.5
15,27.22,34,26.64,11,35
16,26.98,39,26.3,86,35.1
17,25.93,47,26.48,92,32.9
18,24.44,60,25.87,85,28.4
19,22.53,68,24.33,64,26.3
20,21.36,77,22.87,51,22.4
21,20.95,74,19.56,47,20.4
22,20.24,84,19.63,0,19.4
23,20.22,85,19.61,0,18.7
0,19.69,88,18.61,0,18.4
1,19.38,92,18.92,0,18.1
2,18.76,95,18.69,0,18.2
3,18.44,96,18.65,0,17.7
4,20.28,83,21.31,0,17.3
5,18.78,97,21.39,0,17.4
6,20.49,87,23.08,0,18.8
7,22.53,77,24.2,3,22.2
8,23.42,71,24.9,3,26.6
9,24.76,68,26.81,3,30
10,25.87,63,27.53,41,33.5
11,26.97,62,29.29,21,36.8
12,27.78,60,30.52,14,38.4
13,28.09,60,30.97,11,31.3
14,29.75,50,31.69,8,38.5
15,30.87,43,32.55,1,38.7
16,31.11,37,30.03,1,36.6
17,31.67,31,31.8,0,35.2
18,31.04,31,28.76,0,32
19,29.87,45,30.28,75,30.9
20,26.05,56,26.99,18,26.3
21,24.8,63,24.7,0,24.1
22,25.27,55,24.36,0,22.3
23,23.22,79,23.89,32,22
0,22.88,80,24.44,54,22
1,22.89,77,25.05,46,20.8
2,22.71,69,24.67,41,19.8
3,20.91,88,23.28,0,18.7
4,22.97,77,24.67,0,18.1
5,22.49,71,22.57,0,18
6,22.33,85,23.24,0,19.4
7,24.31,75,24.75,0,21.1
8,26.72,61,29.13,0,27.7
9,28.4,51,30.27,0,32
10,27.78,46,25.77,0,35.1
11,29.75,46,31.45,0,37.2
12,31.19,41,31.44,0,38.6
13,31.2,34,28.22,0,40
14,30.86,47,33.13,0,35.5
15,31.8,36,29.37,0,38.4
16,31.18,52,31.36,0,38.2
17,30.31,52,32.76,0,35.7
18,31.34,39,29.64,0,34.7
19,31.16,35,28.25,0,29.4
20,31.07,66,32.31,0,27.6
21,27.65,61,30.46,0,25.6
22,28.19,50,25.48,0,25.9
23,27.95,46,24.65,0,26.5
0,27.48,45,23.45,11,26.4
1,25.73,64,28.38,31,25
2,25.8,59,27.93,45,24.7
3,25.98,61,25.27,36,23.7
4,22.78,71,22,1,23
5,23.33,68,25.12,51,23
6,23.27,72,21.31,67,22.8
7,23.02,69,24.15,75,22.6
8,20.5,72,21.28,80,22.3
9,19.35,64,15.04,75,19.1
10,17.76,68,11.8,75,18.1
11,18.9,62,15.09,87,24.1
12,22.84,41,18.81,95,27.4
13,24.61,32,23.55,100,36.1
14,27.22,26,25.37,100,36
15,27.96,22,22.65,92,34.6
16,27.78,27,26.78,0,33.9
17,28.05,22,22.89,0,31.2
18,27.22,25,25.57,0,30.1
19,23.33,34,19.6,0,24.9
20,24.47,27,20.57,0,22.3
21,22.28,43,21.74,0,18.3
22,22.84,32,18.73,0,16.9
23,22.52,26,18.19,0,15.5
0,18.79,67,18.87,0,15.4
1,18.81,71,19.19,0,14.2
2,18,76,18.81,0,14
3,16.87,81,17.65,0,12.7
4,16.96,76,17.1,0,12.6
5,16.14,81,16.68,0,11.7
6,18.86,81,20.32,0,12.5
7,22.78,54,22.64,0,20.7
8,24.44,38,23.02,0,24
9,25,40,23.92,0,29.9
10,25.56,46,25.26,0,30.7
11,27.78,38,27.51,0,33.8
12,27.96,28,24.88,0,34.6
13,28.85,21,24.85,0,34.8
14,30.56,29,30.12,0,35.2
15,30,29,29.42,24,35.1
16,30.73,23,28.31,61,34.1
17,30,35,30.57,100,33.8
18,27.22,48,28.3,100,32
19,26.11,57,27.83,98,27.5
20,24.44,71,24.1,85,25.4
21,22.78,79,22.63,92,22.6
22,22.22,86,23.86,87,21.8
23,22.14,75,24.07,90,21.5
0,22.04,73,23.12,94,21.7
1,22.78,69,24.76,97,21.5
2,22.22,75,24.52,97,21.7
3,20.56,79,22.23,98,19.2
4,15.56,92,16.29,100,18.1
5,15,89,15.38,100,16.1
6,15.86,81,11.65,100,15.8
7,15.2,100,7.86,90,15.9
8,15.7,93,11.77,90,16
9,18.89,81,17.5,92,22.3
10,21.67,71,21.56,42,25.9
11,20.56,70,20.59,71,24.1
12,21.49,56,21.14,75,23.8
13,21.67,59,22.08,85,27.7
14,23.33,50,22.79,88,29.9
15,24.44,45,23.72,74,31.6
16,23.33,49,23.01,100,28.3
17,23.33,43,22.76,65,26.9
18,23.89,33,22.49,44,26.2
19,20.56,55,20.63,33,21.6
20,21.48,40,19.38,0,20
21,19.44,59,19.13,0,16.7
22,18.56,63,17.26,0,15.8
23,17.48,67,17.19,0,14.4
0,17.08,67,16.33,0,14.3
1,15.84,76,13.58,0,13.6
2,16.7,72,14.57,0,13.2
3,15.35,87,15.65,0,13.1
4,15.07,87,15.28,0,13.4
5,17.08,77,15.5,0,14.3
6,17.78,79,18.76,0,15.2
7,20,67,20.53,0,21
8,21.67,58,21.36,0,23
9,21.59,53,16.97,0,27.6
10,22.78,52,21.02,0,28.7
11,23.89,52,23.09,0,33.9
12,25.07,35,19.95,0,34.2
13,25.52,38,20.56,0,26.4
14,25.56,39,24.19,0,28.8
15,26.67,36,24.94,0,34.7
16,26.67,38,25.79,0,34.1
17,26.67,39,25.59,0,30.4
18,26.11,40,24.69,0,29.2
19,24.44,48,24.03,0,24.3
20,25.21,39,19.7,0,22.7
21,24.8,36,21.99,0,20.5
22,22.22,66,22.79,0,20.3
23,22.22,63,22.84,0,20.5
0,21.11,61,17.08,0,20.1
1,20.56,60,20.72,0,18.5
2,20.56,63,21.26,12,18.1
3,19.44,66,17.26,29,17.3
4,18.33,73,16.54,100,17.5
5,17.78,76,16.65,100,18.1
6,18.33,73,18.77,99,18.1
7,18.89,71,19.37,100,18.9
8,17.78,81,18.27,96,19.1
9,18.66,77,16.54,75,19.2
10,20.05,59,16.65,87,19.8
11,21.8,46,18.25,95,23.5
12,22.27,41,17.96,98,24
13,22.51,41,17.69,100,29.3
14,22.97,41,18.03,100,28.9
15,22.22,47,21.11,100,30.6
16,21.67,46,20.97,92,29
17,21.11,44,20.11,93,25.8
18,20,46,18.29,78,24.2
19,17.78,55,17.15,69,18.6
20,16.67,57,15.61,58,17.2
21,16.67,59,15.73,35,14.9
22,16.67,61,15.86,0,14.4
23,16.51,63,11.88,0,13.4
0,16.67,65,16.11,0,13.2
1,16.67,67,15.92,0,12.9
2,16.11,67,15.53,0,13
3,16.27,65,12.41,0,12.3
4,14.44,76,11.15,0,11.8
5,16,77,14.79,0,11
6,17.78,62,17.62,0,12.3
7,20,55,19.92,0,20.3
8,21.11,51,20.37,0,22.9
9,21.67,47,20.43,0,28.2
10,22.78,45,21.63,0,29.9
11,23.33,38,21.98,0,33.6
12,25,26,22.14,0,33.6
13,25.14,25,21.84,0,36.7
14,25.74,22,21.92,0,38.4
15,28.89,19,27.06,0,37
16,27.78,27,26.47,0,36
17,27.78,24,25.1,0,32.5
18,26.67,25,23.31,0,30.7
19,23.33,45,22.95,0,23.1
20,21.11,54,20.94,0,21.2
21,21.17,52,17.57,0,17.6
22,21.48,49,17.18,0,16.8
23,20.8,64,19.8,0,15.6
0,21.06,54,16.94,0,15.3
1,21.18,53,16.74,0,13.8
2,19.32,72,18.81,0,13.5
3,19.44,87,20.65,0,13.4
4,20,89,22.23,0,13.5
5,20.06,85,18.57,0,13.3
6,20.56,86,23.1,0,13.8
7,22.22,82,24.51,0,18.3
8,22.78,78,25.27,3,23.7
9,23.89,76,26.36,7,27.3
10,25.56,71,27.96,15,30.2
11,27.22,62,29.96,7,34
12,28.33,52,29.98,5,37.4
13,30.56,36,30.49,4,38.7
14,30.41,28,28.54,4,40.9
15,31.67,40,32.87,14,40.7
16,31.11,39,31.66,0,38.8
17,31.11,25,30.2,0,36.4
18,30.83,22,27.4,0,34.2
19,29.06,24,24.53,0,30.8
20,23.33,74,25.99,0,26
21,23.67,67,22.26,0,23.1
22,23.93,63,22.2,0,21.4
23,24.25,59,21.84,0,20.5
0,23.52,69,23.93,0,19.5
1,23.32,69,24,0,19.3
2,23.1,66,22.52,0,19.3
3,23.27,59,21.22,0,18.5
4,20.52,82,22.69,0,17.6
5,21.59,68,19.05,0,17
6,20.56,92,19.88,0,17.4
7,23.33,76,26.18,0,21.1
8,25.56,68,28.26,0,25.1
9,27.22,60,29.73,17,28.5
10,28.89,47,29.48,19,32.4
11,28.79,43,27.29,31,35.4
12,30.01,35,27.8,53,38.5
13,31.19,28,28.42,69,38.4
14,31.85,25,28.99,78,35
15,31.67,36,31.94,86,34
16,32.22,36,33.3,100,33.9
17,32.22,35,33.14,60,36.1
18,30.56,38,31.41,55,32.9
19,28.33,47,29.66,43,30.2
20,27.39,49,24.49,40,27
21,26.11,63,28.81,47,25.1
22,26.11,61,28.28,0,24.4
23,25,65,27.46,38,23.7
0,25.15,58,23.95,46,23
1,23.33,75,22.39,66,22.6
2,20.56,88,22.95,73,22.1
3,20.32,93,18.58,90,21.1
4,20,89,16.28,100,20.3
5,21.11,81,19.13,100,19.9
6,20,93,22.84,100,19.8
7,21.67,90,24.72,100,20.7
8,23.33,76,25.24,100,23.5
9,23.61,70,21.49,98,26.1
10,22.42,68,18.28,100,25.2
11,24.55,78,20.55,75,32.1
12,25.65,61,22.87,20,34.6
13,26,50,21.02,20,35.6
14,26.48,47,18.1,20,34.6
15,25.19,43,22.28,38,31.4
16,25.11,40,15.58,19,30.3
17,21.67,53,14.99,0,27.3
18,20.56,57,19.85,0,22.7
19,20.19,57,18.12,39,19.6
20,19.44,54,17.26,4,18.3
21,18.52,55,18.07,54,17.8
22,18.15,59,16.94,97,16.6
23,17.04,60,15.62,48,15.7
0,16.3,61,15.08,32,14.6
1,15.56,65,13.78,24,14.1
2,14.81,65,13.79,17,13.1
3,14.26,66,12.54,14,12.3
4,13.71,70,12.07,0,11.6
5,13.5,68,7.52,0,11.3
6,13.14,70,12.31,0,11.5
7,13.47,66,7.12,0,14
8,16.12,62,13.98,0,17.1
9,17.4,54,15.68,0,17.7
10,18.33,48,12.96,0,19.6
11,19.34,42,13.54,0,20.4
12,19.3,52,15.56,75,21.5
13,20.64,48,15.09,40,25.3
14,22.29,39,20.81,0,24.6
15,23.89,38,22.97,0,25.2
16,24.52,32,19.46,0,22.6
17,24.72,27,18.56,0,22.8
18,24.22,26,18.03,0,25
19,23.27,28,17.41,0,21.2
20,20,43,15.57,0,18.2
21,20,38,15.17,0,16.8
22,19.05,37,13.84,0,13.7
23,16.86,52,12.56,0,12.2
0,15.75,57,11.67,0,11.4
1,14.99,59,12.08,0,10.5
2,14.26,62,11.49,0,9.4
3,13.51,64,12.46,0,9.2
4,13.17,59,10.12,0,8.1
5,12.42,65,9.68,0,7.6
6,13.51,65,11.17,0,9
7,13.32,59,10.51,0,12.4
8,14.59,50,11.24,0,18.6
9,20.06,47,17.5,0,22
10,21.98,40,18.89,0,25.2
11,22.3,34,18.44,0,27.4
12,24.24,28,20.07,0,30.3
13,25.75,32,24.61,0,32
14,26.36,31,24.92,0,32.9
15,26.44,43,24.45,20,33.2
16,25.76,23,23.01,0,32.8
17,25.17,29,20.19,0,32.1
18,22.17,60,23.13,0,29.6
19,21.76,53,18.09,0,23
20,20.81,51,16.8,0,19.9
21,19.48,54,15.05,0,18.3
22,18.91,58,14.43,0,17.4
23,18.16,85,15.86,0,16.9
0,18.47,80,16.7,0,16.7
1,18.73,69,17.01,0,16.2
2,18.81,60,16.68,0,15.9
3,19.43,74,18.48,0,15
4,19.08,61,17.95,0,14.8
5,17.89,81,16.97,0,15
6,18.27,68,16.51,0,16.3
7,21.18,61,21.61,0,20.9
8,21.45,51,18.88,0,26.1
9,25.56,45,25.47,0,30
10,25.33,37,22.1,0,33.2
11,26.73,44,26.56,0,36.5
12,28.39,39,28.73,0,39.4
13,29.51,39,29.86,0,39.4
14,29.75,35,29.31,0,38.9
15,30.06,31,29.46,0,36
16,30.31,28,29.03,0,36.5
17,29.44,29,28.11,0,34.3
18,28.83,33,28.51,0,35.6
19,26.36,43,26.59,0,28.1
20,26.39,36,23.24,0,24.2
21,25.36,59,24.49,0,21.9
22,22.64,74,22.42,0,20.3
23,23.48,59,21.82,0,20.5
0,22.67,69,24.61,0,20.5
1,23.89,48,24.26,0,19.7
2,23.47,47,19.41,0,19.6
3,21,68,18.32,0,19.2
4,21.29,67,22.25,0,18.5
5,20.36,74,17.93,0,18.4
6,20.96,63,18.04,0,19.4
7,23.4,61,24.55,0,23.6
8,24.19,53,23.89,0,27.7
9,25.31,52,25.58,0,30
10,27.3,46,27.85,0,32.6
11,27.78,42,27.06,0,35.6
12,28.94,37,28.54,0,37.1
13,31.67,30,31.65,0,39.3
14,31.11,29,30.17,0,39.4
15,31.11,30,30.32,0,39
16,31.11,30,30.95,0,37.2
17,30.89,27,28.17,0,36.6
18,29.44,35,29.85,0,37.9
19,26.98,42,27.59,0,29.1
20,26.26,42,23.13,0,24.8
21,23.64,60,24.78,0,22.5
22,22.78,65,20.75,0,20.9
23,22.47,74,24.47,0,20.1
0,22.22,75,24.52,0,19.7
1,23.09,62,24.54,0,19
2,22.71,68,24.26,0,20.6
3,21.86,77,21.16,0,20.6
4,21.95,68,20.78,0,19.6
5,21.05,84,23.32,0,19.3
6,22.22,78,22.42,0,19.6
7,23.09,74,25.35,0,21.8
8,24.19,70,25.57,0,27.8
9,25.36,63,27.75,0,29.4
10,27.6,54,29.54,0,32.8
11,27.47,48,26.94,0,34.8
12,30.56,49,32.68,0,38.7
13,30.37,40,31.45,0,39.4
14,30.64,37,30.74,0,40.3
15,31.05,30,28.6,0,38.3
16,33.33,31,30.75,0,38.6
17,31.11,39,31.34,17,37.8
18,29.44,48,30.99,21,35.2
19,28.15,47,24.92,21,31.6
20,24.51,66,26.25,31,24.5
21,24.21,65,22.26,31,23.6
22,23.64,78,25.88,1,22.2
23,23.89,78,27.18,1,21.9
0,24.2,72,27.04,1,21.4
1,23.89,73,26.07,0,21
2,23.02,79,26.02,0,22.1
3,22.47,83,25.59,2,22.1
4,22.47,84,25.05,0,21.8
5,22,82,21.89,23,21.6
6,22.53,85,25.54,64,22.1
7,22.07,84,22.27,68,23
8,24.19,78,26.68,79,27.6
9,24.75,75,27.83,80,28.8
10,25,74,27.77,100,31.1
11,26.67,69,29.98,94,31.5
12,27.78,63,30.89,96,36.4
13,28.09,56,30.15,97,35.9
14,27.59,58,30.01,98,34.4
15,27.85,57,30.25,95,33.4
16,27.29,64,30.3,100,31.9
17,26.42,69,25.45,100,31.3
18,25.87,66,27.86,100,29.3
19,25.56,70,27.85,93,28.1
20,25.1,67,23.25,93,24.4
21,23.89,77,26.78,95,23.8
22,23.58,82,27.12,100,22.3
23,23.33,82,26.75,67,22
0,23.97,75,22.85,63,21.3
1,23.79,74,22.57,65,21.2
2,23.33,83,26.53,53,22
3,22.92,80,22.51,49,21.9
4,22.34,79,21.8,11,21.2
5,21.72,81,21.16,3,21.1
6,22.53,82,25.28,0,22.1
7,23.95,78,26.96,0,23.6
8,24.75,73,26.99,0,28.5
9,25.62,70,28.57,1,29.6
10,25.25,66,24.96,1,33.3
11,27.28,65,30.41,0,35.2
12,27.78,61,30.01,0,36.9
13,28.02,53,27.31,0,37.2
14,28.86,46,27.27,0,37.9
15,29.39,41,26.78,0,38.1
16,29.28,41,26.09,0,35.8
17,26.98,60,28.76,0,35.2
18,25.8,63,27.43,0,31.1
19,24.13,71,25.59,0,27.9
20,23.33,73,25.59,0,23.1
21,23.33,73,25.28,0,22.6
22,23.33,75,25.15,0,22.1
23,23.38,72,21.2,0,22.1
0,23.59,67,21.44,0,21.9
1,23.02,73,24.84,0,22
2,22.47,76,24.65,0,21
3,21.91,80,24.52,0,20.7
4,21.36,82,23.28,0,20.1
5,20.8,86,23.44,0,20
6,21.42,83,23.77,0,21.2
7,22.53,78,24.29,0,22.9
8,23.94,73,26.14,0,27.9
9,24.2,68,25.7,0,28.1
10,25.62,64,27.29,0,31.8
11,25.92,56,24.15,0,34.5
12,27.61,49,28.63,0,36.4
13,28.09,48,29.47,0,37.4
14,28.57,41,26.47,0,37.1
15,29.44,49,30.81,0,36.9
16,28.89,55,30.84,0,35.7
17,28.89,57,31.73,0,35.7
18,27.78,62,30.14,0,33.1
19,26.11,72,29.5,0,29.3
20,24.44,77,27.58,0,24.7
21,23.89,85,27.87,18,23.9
22,23.89,86,22.83,8,22.9
23,25.56,75,28.39,28,22.7
0,25,76,28.3,48,23.8
1,24.44,81,27.35,55,23.7
2,23.33,85,26.72,93,22.9
3,23.33,86,26.82,88,22.7
4,23.03,83,22.03,84,22.4
5,22.78,86,25.69,89,22.3
6,23.33,84,26,86,23.3
7,24.44,81,26.73,87,24.2
8,23.86,78,23.39,87,28.3
9,25.56,76,28.5,92,28.5
10,27.78,67,31.07,31,32.7
11,28.33,65,31.32,22,34.4
12,30,59,32.98,16,38.1
13,31.11,56,34.81,12,38.8
14,31.67,51,34.24,4,39.3
15,31.67,51,34.87,13,38.8
16,30.56,51,32.03,24,37.4
17,30.12,48,28.44,21,35
18,27.22,68,30.05,14,29.7
19,25.56,73,27.86,10,27.5
20,25.18,71,23.68,10,24.5
21,24.45,74,23.22,8,24
22,24.2,78,26.7,100,23.3
23,24.2,79,23.66,0,23.4
0,24.44,80,28.19,0,23.6
1,24.47,74,24.32,0,23.1
2,22.15,85,25.3,100,21.7
3,21.91,84,24.01,91,21.4
4,21.91,86,24.15,24,21.1
5,22.53,86,25.59,55,21.2
6,24.13,79,27.32,65,21.8
7,23.57,77,24.94,67,23.3
8,26.11,74,29.72,64,30.4
9,26.73,69,30.07,64,31.9
10,27.78,68,31.81,37,35.6
11,28.4,67,32.3,25,37.8
12,28.69,58,30.03,23,35.8
13,30.67,60,34.43,25,31.8
14,30.32,62,34.82,20,35.2
15,30.56,62,35.18,28,37.5
16,30.31,62,34.18,1,39.2
17,30.56,58,34.29,47,33.7
18,29.07,70,33.71,50,31.1
19,29.22,58,30.44,54,28.5
20,25.24,79,29.28,54,25.3
21,24.69,83,26.76,45,24.6
22,24.38,85,26.12,0,23.2
23,24.06,91,26.4,0,23
0,25.74,81,27.74,0,22.5
1,25.37,83,27.52,0,22.1
2,25,81,27.04,0,21.4
3,24.81,84,27.23,0,21.5
4,25.18,83,27.65,0,21.4
5,25.37,81,27.21,0,21.4
6,23,83,24.5,75,19.3
7,21.44,73,16.72,40,19.1
8,22.29,72,18.22,20,19.4
9,19.65,88,14.72,75,22.5
10,20.65,77,16.73,75,21.4
11,20.7,68,19.64,75,20.9
12,23.36,51,20.29,87,26.8
13,21.29,64,17.23,20,27.6
14,26.43,32,25.12,83,30.6
15,27.83,24,22.28,77,31.4
16,27.78,26,26.03,0,29
17,26.29,16,18.77,0,28.1
18,25.76,30,15.65,20,25.2
19,24.26,29,19.16,0,23.3
20,25.03,23,19.83,0,19.1
21,24.01,21,17.18,0,19
22,22.54,24,15.33,0,17.8
23,20.39,37,13.88,0,17.1
0,19.26,38,12.99,0,16.1
1,18.5,42,12.58,0,14.8
2,14.31,68,9.24,0,14
3,14.62,66,13.3,0,12.3
4,14.27,66,10.49,0,11.8
5,13.9,60,10.18,0,11
6,13.33,73,10.42,0,10.2
7,16.72,60,14.14,1,13.9
8,16.93,50,13.61,6,17.7
9,21.18,35,19.45,19,22.9
10,23.94,32,22.76,0,26
11,25.37,27,23.93,0,26.3
12,25.51,22,20.68,0,30.9
13,27.28,25,25.64,0,31.8
14,27.84,25,25.67,0,33.9
15,28.64,23,26.35,0,34.8
16,29.18,24,27.75,0,33.4
17,29.08,11,24.03,0,33.4
18,28.89,11,25.39,0,31.9
19,27.59,25,26,0,29.1
20,26.12,28,22.45,0,24.3
21,24.45,47,24.57,0,20.4
22,24.44,51,24.96,0,18.9
23,23.89,43,23.77,0,19.2
0,23.51,41,22.17,0,19.4
1,23.31,41,22.23,0,18.9
2,22.16,43,19.42,0,18.6
3,21.39,41,18.73,0,18.1
4,21.13,37,17.31,0,17.2
5,18.96,72,18.69,0,15.8
6,18.87,67,18.21,0,16.6
7,20.91,63,19.56,0,19.5
8,24.31,47,22.31,0,24.9
9,26.19,44,24.72,0,29.2
10,26.59,33,24.19,30,31.4
11,29.15,36,28,0,33.7
12,30.43,37,30.1,0,35.6
13,31.31,30,30.26,20,36.3
14,32.48,29,31.6,75,37.4
15,33.75,27,33.05,75,37.9
16,33.08,27,32.79,75,35.5
17,32.98,10,29.38,2,35.1
18,31.07,21,25.47,4,32
19,26.85,65,29.78,5,28.7
20,25.86,57,22.87,5,25.2
21,24.81,66,21.99,3,22.6
22,24.24,69,21.71,0,21.4
23,23.7,70,21.3,0,20.8
0,22.81,62,20.19,0,20.2
1,22.04,59,19.39,0,19.6
2,22.78,60,20.9,0,19
3,22.1,59,20.39,0,18.4
4,21.56,59,20.11,0,18
5,21.22,57,19.3,0,17.8
6,20.98,54,18.4,0,18.3
7,24.97,63,24.4,0,21.7
8,24.12,52,22.21,0,26.1
9,24.84,42,22.54,0,29
10,26.27,34,23.75,0,31.9
11,27.8,30,25.27,0,35.4
12,29.04,26,26.36,0,37.4
13,33.33,41,35.61,0,39.4
14,33.53,12,30.32,0,39.5
15,33.4,54,34.96,20,39.2
16,32.56,39,31.55,10,37.5
17,31.53,33,29.11,4,35.7
18,29.91,48,29.7,20,34.8
19,28.99,44,27,10,31.3
20,27.22,73,31.58,0,26.9
21,26.47,73,26.7,0,24.2
22,26.04,61,24.38,0,22.6
23,26.3,69,25.57,0,22
0,26.29,63,24.79,0,21.5
1,26.11,59,27.42,0,20.9
2,25.18,54,26.25,0,21.4
3,24.81,57,26.06,0,21.4
4,24.06,61,22.14,0,20.8
5,23.33,65,21.74,0,20.2
6,24.25,66,23.42,0,19.9
7,24.79,64,26.75,0,23.2
8,24.98,61,23.91,0,26.8
9,26.29,59,28.61,0,29.8
10,27.76,56,30.31,0,31.4
11,28.9,29,28.38,19,34.9
12,28.79,32,26.65,19,38.1
13,30.92,50,31.96,30,38.4
14,29.24,51,26.66,0,38.6
15,32.05,20,30.56,35,35.2
16,31.83,50,34.95,100,36.8
17,31.09,39,29.1,100,34
18,29.24,56,32.41,100,30.6
19,27.19,69,26.87,99,27.6
20,24.81,71,24.16,98,24.5
21,23.69,75,26.6,98,22.5
22,23.5,76,26.43,100,21.7
23,22.96,79,21.53,100,21
0,23.51,66,20.17,100,20.6
1,24.23,59,20.93,97,20.4
2,23.86,60,20.9,96,20.8
3,23.33,70,21.88,97,20.7
4,22.77,74,21.86,100,20.5
5,22.04,75,21.23,100,20.4
6,22.77,76,22.73,100,20.7
7,23.5,74,23.49,100,22.1
8,24.24,73,27.2,100,24.6
9,26.1,70,27.74,100,27.7
10,27.02,65,30.03,100,32.5
11,26.68,69,27.05,75,35.3
12,29.64,33,29.53,100,37.5
13,27.88,78,29.94,40,37.5
14,28.55,61,28.81,40,39.5
15,28.15,69,28.46,40,39.4
16,27.27,78,27.17,20,37.2
17,26.68,74,25.81,20,34.6
18,27.2,66,30.41,18,32.7
19,26.58,61,24.87,25,27.7
20,24.25,73,27.21,42,24.1
21,23.86,72,22.68,46,22.6
22,23.15,79,25.58,60,21.7
23,22.59,81,25.27,67,21.1
0,22.04,85,24.83,62,21
1,22.04,86,24.92,74,21.7
2,21.89,86,21.9,67,22.2
3,22.59,87,25.81,26,22.3
4,22.77,87,26.08,9,22.1
5,22.59,88,26.21,19,22.1
6,22.77,87,23.99,19,22.1
7,23.84,83,24.34,20,23.7
8,25.92,75,29.55,53,26
9,27.2,72,31.12,60,28.8
10,28.69,66,32.61,84,32
11,29.63,47,31.11,64,32.4
12,27.95,74,28.78,20,35.1
13,30.91,59,34.96,35,38
14,29.3,39,29.9,28,36.8
15,29.69,42,27.63,31,34.2
16,25.48,65,24.88,75,27.3
17,24.69,61,24.06,75,22.7
18,22.59,92,25.63,81,23
19,22.22,85,24.78,85,21.8
20,21.86,83,24.71,88,21.7
21,22.23,85,22.28,95,21.7
22,22.41,87,23.03,21,21.6
23,22.41,88,22.8,23,21.5
0,22.97,82,25.91,31,21.4
1,23.31,83,23.12,30,22.3
2,23.33,84,26.94,6,22.4
3,22.69,86,24.01,7,22.6
4,22.24,85,24.05,56,22.6
5,21.49,86,24.43,77,22.1
6,20.8,100,21.67,90,21.9
7,20.19,86,22.26,88,22
8,19.82,84,21.28,79,22.1
9,20.56,82,21.84,62,22.9
10,21.13,77,21.92,79,25.1
11,21.36,78,19.55,75,26.4
12,23.06,67,21.55,65,26.4
13,24.44,64,25.02,52,30
14,23,64,19.53,75,28.8
15,24.42,56,22.8,65,28.1
16,23.65,60,18.91,75,26.6
17,25,61,27.04,39,26.7
18,25,58,26.11,30,26.4
19,23.89,63,25.72,33,25.7
20,24.16,56,21.97,30,22.5
21,21.67,75,23.75,22,20
22,21.11,78,18.78,0,19.9
23,21.05,81,23.08,0,19.5
0,20.56,84,22.63,0,19.9
1,20,84,22.15,0,19.6
2,19.38,90,17.4,0,18.9
3,19.08,93,17.68,3,18.2
4,19.13,92,17.83,0,18
5,18.4,87,16.47,2,17.3
6,17.65,84,15.49,13,17.4
7,20.07,79,20.92,24,22.3
8,21.48,71,22.84,67,23.8
9,22.59,63,23.65,69,28.1
10,24.27,59,25.53,99,29.5
11,26.42,50,25.58,79,34.8
12,26.34,47,23.46,68,34.4
13,30.31,34,30.52,42,37.5
14,31.42,30,31.34,34,36.4
15,32.22,29,32.19,28,37.1
16,31.53,26,27.52,14,36.6
17,33.58,29,33.91,0,35.3
18,32.72,29,32.82,0,33.9
19,31.05,33,30.55,0,29
20,28.06,45,29.08,0,27
21,26.98,51,27.76,0,22.8
22,28.34,34,27.28,0,21.7
23,28.15,33,27.97,0,21.1
0,25.03,68,26.39,0,20.1
1,22.78,53,22.75,4,19.7
2,21.67,74,23.67,11,20.4
3,20.56,81,22.39,10,19.7
4,20.56,83,20.36,0,19.6
5,19.44,85,18.76,37,18.3
6,20,84,21.53,51,18.7
7,19.44,85,21.44,38,20
8,21.11,77,22.83,16,22.1
9,21.11,77,22.83,14,26.9
10,22.67,62,22.08,7,28.4
11,26.31,73,26.21,40,32.3
12,27.7,73,28.3,20,34.2
13,28.3,69,28.71,0,35.8
14,29.58,57,30.46,0,35.2
15,30.15,50,29.59,20,35.4
16,30.16,50,30.32,20,34.1
17,29.28,61,30.56,20,30.2
18,26.92,78,29.86,0,30.6
19,25.25,78,27.34,0,24.4
20,25.08,38,22.18,0,23.1
21,23.89,44,19.86,26,21
22,22.45,53,21.03,0,20.6
23,21.76,68,19.99,0,19.6
0,21.48,78,20.81,0,19
1,20.48,75,18.16,38,18.9
2,21.88,78,22.82,90,18.6
3,21.2,83,23,90,18.7
4,20.57,78,19.77,95,18.3
5,21.36,78,21.72,90,18.6
6,21.56,73,21.94,90,19.2
7,20.93,88,22.66,0,20
8,22.01,88,22.43,0,22.2
9,21.79,77,22.24,75,23.7
10,24.19,64,24.84,90,22.1
11,24.58,64,24.92,90,24.6
12,24.34,54,23.43,95,29.8
13,25.65,60,25.27,40,32.8
14,26.92,60,26.68,75,34.6
15,27.32,64,26.65,75,36.2
16,26.95,57,26.02,20,36.3
17,27.01,57,26.1,20,33
18,25.87,60,25.21,20,31.6
19,25.71,54,23.83,13,26.7
20,24.6,57,22.44,0,23.5
21,24.12,60,23.89,20,21.9
22,23.44,68,23.73,0,20.9
23,23.44,73,23.85,0,20.1
0,23.46,64,20.78,0,20
1,23.63,59,20.21,0,19.7
2,23.33,64,21.84,0,19.3
3,22.59,66,24.23,0,18.6
4,22.23,66,20.85,0,18.5
5,21.86,67,23.33,0,18.1
6,22.78,67,24.58,0,17.9
7,24.8,72,27.9,0,21
8,26.1,69,28.84,0,25.9
9,26.04,55,25.66,0,29.7
10,29.25,61,33.09,0,32.5
11,30.17,60,34,0,36.3
12,31.67,38,31,0,39.3
13,32.6,60,37.68,0,40.7
14,32.24,45,32.4,0,42.3
15,30.43,74,31.61,20,41.8
16,29.55,74,29.85,20,40.7
17,30.36,55,29.51,10,39.3
19,28.13,72,32.53,19,35.7
20,27.02,73,31.28,16,35.9
21,26.25,67,24.5,16,28.1
22,27.41,72,31.74,73,25.8
23,28.15,62,31.61,0,25.3
0,26.11,67,25.66,91,25.7
1,26.61,62,25.69,92,26.6
2,21.03,100,21.63,75,23.7
3,18.91,94,17.71,90,20.1
4,18.49,94,18.56,90,18.1
5,18.41,100,18.86,90,18
6,18.52,100,18.66,90,18.2
7,19,94,18.2,90,18.5
8,19.69,83,16.92,90,18.8
9,22.78,72,21.69,74,19.1
10,24.65,71,23.28,98,19.4
11,19.65,94,19.85,90,19.7
12,20.35,94,18.7,90,20.4
13,20,94,21.79,90,21.9
14,21.3,88,21.04,90,22.4
15,21.95,88,22.7,75,22.7
16,22.3,88,22.86,75,27.3
17,25.47,72,27.46,87,24.3
18,23.65,83,25.47,75,24.8
19,24,78,24.06,75,27.3
20,24,69,25.33,0,23.9
21,22.46,83,23.72,0,22.6
22,22.41,66,21.79,100,21.3
23,21.11,64,21.13,100,21
0,20.49,67,21.18,100,20.5
1,19.38,70,19.94,100,19.8
2,18.03,76,18.58,23,18.3
3,17.16,69,16.67,23,17.2
4,16.05,78,16.11,2,15.9
5,14.92,74,14.74,21,14.3
6,15.23,71,14.65,47,13.2
7,16.73,59,16.12,57,15.6
8,18.33,51,16.93,56,19
9,19.44,40,17.79,64,21.9
10,20.13,32,15.61,82,24
11,22.47,38,21.25,100,25.7
12,24.2,35,23.05,100,30
13,23.58,40,22.79,86,33.9
14,24.19,39,23.44,69,32.8
15,24.3,32,19.75,63,33
16,24.13,47,23.84,0,31.9
17,23.28,49,23.57,0,29.7
18,22.16,52,22.11,0,29.5
19,20.8,54,20.23,0,21.3
20,19.69,58,19.75,0,19.7
21,19.07,62,15.59,0,17.3
22,19.82,62,16.29,0,16.3
23,19.82,57,19.54,0,14.9
0,19.26,63,18.64,0,14.8
1,19.18,56,16.15,0,14.1
2,18.94,53,15.57,0,14
3,18.58,70,18.89,0,15.1
4,18.48,60,15.82,0,15.7
5,17.1,74,15.14,8,16.1
6,18.33,71,16.97,14,15
7,18.59,59,16.31,14,16.5
8,21.97,43,21.08,12,22.2
9,22.84,35,21.11,17,27
10,24.2,31,22.66,0,30
11,23.94,29,20.48,0,32.5
12,25.87,30,24.54,0,34.4
13,25.79,25,21.46,0,36.3
14,25.86,31,24.64,0,36
15,25.62,24,23.59,0,36.3
16,25.87,16,22.37,0,35.3
17,25.31,26,23.13,0,32
18,24.13,35,22.97,0,30.5
19,21.91,53,21.87,0,26.8
20,20.86,60,20.48,0,22.3
21,20.56,62,21.18,0,19.9
22,21.36,64,21.78,0,18.3
23,21.36,56,21.42,0,17.3
0,20.8,61,20.48,0,17.4
1,20.56,63,20.96,0,18.2
2,19.91,63,20.11,0,18.7
3,19.13,68,18.84,0,18.2
4,18.58,70,18.57,0,17.8
5,18.58,69,18.19,0,17.3
6,19.2,64,18.63,0,16.8
7,20.31,63,19.06,0,19
8,21.42,60,20.27,0,23.1
9,22.53,56,21.69,0,26.2
10,22.5,49,18.65,0,28.9
11,25.25,46,24.86,0,30.9
12,25.29,38,21.18,0,33.5
13,27.53,35,26.51,0,35.4
14,27.28,38,26.56,0,36.6
15,27.62,42,27.47,0,37
16,26.73,49,26.51,0,36.6
17,26.11,54,26.87,0,34
18,24.69,60,25.58,0,31.3
19,23.33,72,25.5,0,27
20,23.03,73,25.17,0,23.5
21,23.33,73,25.28,0,21.8
22,23.82,69,25.27,0,21.4
23,23.58,58,22.63,0,21.7
0,23.42,56,18.35,0,22.7
1,22.59,57,17.64,0,22.2
2,21.67,70,23.02,0,21.7
3,21.36,71,22.68,0,21.2
4,21.11,73,21.87,1,20.9
5,20.56,75,21.28,37,20.6
6,20.8,76,21.69,54,20.6
7,20.42,91,19.69,50,20.6
8,22.22,74,23.49,49,21.9
9,22.84,71,24.09,57,26.8
10,23.08,71,25.36,100,26.9
11,22.99,68,22.75,90,27.7
12,23.23,65,22.87,0,26.9
13,25.37,55,25.12,38,26.4
14,22.28,78,24.87,99,26.7
15,23.81,69,23.99,99,26.3
16,22.04,78,21.96,75,25.8
17,24.38,65,24.54,87,25.2
18,22.04,79,24.31,100,24.3
19,22.22,81,22.42,100,23.8
20,21.73,85,22.18,100,23.5
21,21.36,91,21.86,97,22
22,21.98,88,25.31,69,21.5
23,21.72,84,24.28,67,21.5
0,23.14,74,23.72,68,20.9
1,22.04,88,22.73,53,21.1
2,21.97,91,23.39,69,21.2
3,21.67,94,23.32,60,21.7
4,21.67,96,23.9,10,21.5
5,21.11,95,24.62,22,21
6,21.11,95,23.56,40,21.1
7,21.98,94,24.77,49,21.7
8,23.44,85,25.88,27,23.1
9,24.2,83,28.13,29,25
10,26.36,75,30.21,54,29.1
11,28.33,64,31.82,58,32.7
12,29.44,58,32.96,56,34.9
13,29.51,52,32.25,48,35.7
14,31.42,48,34.37,51,35.8
15,30.17,66,34.85,62,34.3
16,30,59,30.29,86,35.3
17,24.44,72,26.44,66,31.8
18,22.16,83,24.2,78,23.7
19,21.36,85,23.22,92,22.1
20,21.06,86,23.5,94,21.6
21,20.8,84,23.28,95,21
22,19.39,89,21.36,100,19.9
23,18.28,83,19.4,83,18.3
0,18.02,87,19.32,99,17.9
1,16.6,87,17.39,99,17.3
2,17.01,84,13.81,98,16.1
3,16.05,92,17.26,93,16
4,15.49,94,12.97,94,15.3
5,15.49,95,13.55,61,15.1
6,16.36,91,17.62,47,15.1
7,16.27,87,13.64,42,17.1
8,18.89,77,19.8,22,20.3
9,19.44,72,20.17,18,21
10,20.8,64,21.04,0,24.5
11,21.92,55,22.06,0,25.3
12,22.71,52,21.87,6,25.7
13,23.58,51,23.21,24,27.3
14,23.83,48,23.24,23,27.2
15,24.06,52,24.56,20,24.7
16,25.12,44,21.69,10,27.8
17,24.69,49,25.08,0,27
18,24.38,49,24.68,7,23.4
19,22.16,54,22.59,4,23.1
20,20.99,62,18.89,17,20.7
21,19.8,71,18.34,3,18.6
22,20.2,59,20.48,0,16.9
23,19.45,62,17.92,0,15.8
0,18.89,65,17.3,0,15.1
1,18.52,67,18.91,0,14.2
2,18.04,64,16.46,0,13.8
3,16.83,75,15.74,0,13.4
4,15.94,76,14.8,0,12.5
5,14.75,87,15.2,0,11.8
6,15.23,77,14.68,0,12.3
7,18.95,70,18.82,0,16.5
8,21.11,63,21.68,0,22.4
9,24.2,53,24.84,0,27.4
10,23.16,46,21.93,0,30.9
11,27.33,35,26.89,0,35.4
12,27.6,45,27.81,0,37.8
13,27.52,35,26.79,0,37.7
14,28.33,45,29.1,0,39.7
15,28.99,35,28.65,0,40
16,29.51,30,28.44,0,38.1
17,29.59,29,27.83,0,34.6
18,28.67,30,25.88,0,33
19,27.41,34,24.3,0,28
20,25.62,40,22.58,0,24.2
21,24.95,44,22.18,0,21.7
22,24.9,44,22.13,0,20.1
23,24.59,44,21.56,0,19.6
0,24.08,44,21.04,0,18.7
1,23.68,44,20.57,0,18.3
2,23.34,45,20.14,0,18.4
3,22.24,55,20.11,0,18.8
4,21.68,68,20.21,0,18.3
5,21.9,59,19.53,0,17.7
6,21.81,54,19.03,0,18.2
7,22.23,52,19.51,0,22
8,23.56,47,20.59,0,27.3
9,24.8,43,21.95,0,31.3
10,26.37,38,23.76,0,33.5
11,28.06,32,25.48,0,37.8
12,29.68,27,27.13,0,40.4
13,31.03,25,28.71,0,42.5
14,31.92,23,29.52,0,41.8
15,32.29,22,29.69,0,41
16,32.25,22,29.53,0,40.6
17,33.08,25,31.3,0,38.8
18,32.36,24,30.36,0,37.8
19,31.12,26,29.14,0,34
20,26.42,40,26.33,0,25.3
21,25.56,47,26.31,0,23.6
22,24.69,61,26.31,96,21.7
23,24.14,67,26.46,88,22
0,24.13,70,26.43,40,21.2
1,23.83,69,23.63,30,20.7
2,23.52,69,23.69,35,20.1
3,23.69,61,23.64,34,20.4
4,23.51,68,25.68,0,20.1
5,22.78,72,23.72,0,20.1
6,22.29,74,23.39,0,19.6
7,24.75,65,26.8,0,21.4
8,25,58,25.6,0,29.3
9,28.15,43,28.92,0,30.8
10,30.07,38,30.46,0,34.7
11,31.11,38,32.14,0,36.9
12,33.33,33,34.57,0,40.9
13,32.78,37,33.57,0,41.2
14,32.28,36,32.75,0,41.2
15,31.49,34,31.4,0,41.3
16,30.86,40,31.78,0,39.5
17,28.64,45,29.19,0,37.9
18,27.22,54,28.38,0,34.2
19,25.56,56,26.03,0,30.1
20,24.44,63,25.54,0,24.5
21,23.58,64,25.08,0,23.4
22,23.64,65,25.26,0,21.5
23,24.14,70,26.76,0,21.2
0,24.13,73,26.42,0,21.2
1,23.58,71,25.75,0,21.4
2,23.03,73,24.85,0,22.1
3,22.16,73,24.26,0,21.7
4,21.3,78,20.8,0,20.1
5,20.68,83,20.52,0,19
6,21.67,77,21.48,0,18.6
7,23.09,74,25.03,0,20.5
8,24.25,69,26.5,0,27.4
9,25.38,64,27.58,0,29.5
10,26.97,61,29.49,0,33.3
11,27.22,52,28.77,0,35
12,28.71,39,29.14,0,39.1
13,28.92,36,26.36,0,40
14,30.67,41,31.99,0,40.4
15,31.24,39,32.46,0,39.9
16,30.93,39,31.42,0,38.5
17,29.5,47,31.25,0,37.1
18,29.46,43,25.94,0,34.9
19,26.11,72,29.5,0,30.3
20,26.08,65,24,0,25.1
21,24.2,84,27.61,0,24.4
22,23.89,86,27.66,0,23.1
23,25.31,73,27.81,0,22.9
0,25,70,27.36,0,23.5
1,24.14,76,27.04,0,23.7
2,23.03,77,25.22,0,22.3
3,23.16,70,21.57,0,22.3
4,21.91,82,23.75,0,21.3
5,21.61,82,23.64,0,21.1
6,22.22,75,23.58,0,20.9
7,22.83,73,24.89,0,22.2
8,23.64,71,25.21,0,28
9,25.38,67,27.9,0,29.9
10,24.94,62,23.98,0,33.9
11,25.65,55,24.44,0,35.4
12,28.64,55,31.11,0,38.7
13,30.06,46,31.88,0,39.7
14,30.07,38,28.43,0,41.9
15,30.66,32,28.11,0,40.5
16,31.23,40,32.9,0,40.8
17,30.06,46,31.25,0,39.2
18,29.59,42,26.21,0,33.9
19,26.11,67,28.31,0,30.9
20,24.75,74,28.03,0,25.1
21,24.73,69,22.76,0,24.2
22,24.86,70,23.4,0,23.2
23,25.86,66,28.48,0,23.1
0,25.56,73,28.49,0,23.4
1,25.25,77,28.14,0,24.2
2,24.69,80,28.25,0,23.9
3,24.13,81,26.89,0,23.6
4,23.82,85,27.45,0,22.8
5,23.28,87,27.15,0,22.6
6,23.89,83,27.36,0,22.8
7,25.31,78,28.34,0,24.3
8,26.47,74,29.63,0,30.2
9,27.6,70,31.48,0,31.9
10,28.39,67,31.97,0,34.9
11,30,61,33.26,0,36.7
12,29.94,54,31.39,0,40.4
13,32.78,41,34.86,0,39.6
14,32.5,38,32.65,0,42.8
15,32.88,33,32.47,0,42.8
16,34.44,40,36.99,0,41.4
17,32.83,42,35.09,0,40.2
18,31.42,46,33.44,0,36.3
19,28.95,53,30.66,0,33
20,27.53,61,30.29,0,27.5
21,26.67,70,29.78,0,26.5
22,26.37,67,25.17,0,24.8
23,25.86,73,29.55,0,24.5
0,25.87,74,29.68,0,23.8
1,25.31,80,29.18,0,23.4
2,25,82,26.44,0,23.2
3,25.15,75,26.15,0,23.2
4,24.63,87,26.94,0,23
5,24.64,89,29.4,0,22.9
6,25.56,83,30.19,0,24
7,26.98,77,31.38,0,25.5
8,27.58,71,30.94,0,31.6
9,28.95,67,32.81,0,32.8
10,30.87,59,34.58,0,37.4
11,30.96,49,32.38,0,39
12,34.44,41,37.47,0,40.4
13,34.44,33,35.1,0,42.8
14,34.44,34,35.28,0,44.3
15,34.75,34,36.33,0,43.5
16,33.89,40,35.9,0,41.5
17,32.22,47,34.72,0,41
18,30.56,52,32.8,0,33.8
19,29.8,53,28.29,0,31.9
20,27.22,64,30.2,0,26.6
21,26.67,65,29.21,0,25.7
22,26.36,69,29.53,0,24.4
23,26.06,69,29.09,0,24.2
0,25.74,74,25.9,0,23.6
1,25.18,79,25.9,0,23.3
2,24.94,80,28.93,0,22.7
3,23.82,83,24.53,0,22.4
4,24.07,79,25.09,0,22.2
5,23.52,81,26.93,0,22
6,24.94,79,28.83,0,22.9
7,26.67,74,30.87,0,25.1
8,26.39,66,27.41,0,31.6
9,29.51,63,33.43,0,33.6
10,31.67,52,34.4,0,38.4
11,31.67,53,34.87,0,39.7
12,33.89,45,37.09,0,43.4
13,33.64,42,35.9,0,43.2
14,34.19,37,35.79,0,41.9
15,34.43,32,34.28,0,43.5
16,34.14,39,36.39,0,41
17,34.42,33,33.67,0,39.7
18,33.86,31,32.08,0,34.6
19,29.44,62,33.2,0,32.3
20,28.03,65,31.5,0,28.1
21,27.47,67,31.23,0,27.1
22,28.05,58,27.03,0,25.7
23,27.17,73,31.5,0,25.4
0,26.91,70,30.76,0,24.7
1,26.36,71,26.7,0,24.4
2,25.81,75,26.61,0,25
3,25.74,78,27.74,15,24.6
4,26.11,70,27.61,0,23.1
5,25.74,70,27.13,0,22.8
6,25.74,78,28.15,8,22.2
7,27.84,65,29.56,25,23.5
8,29.19,57,31.04,26,27.7
9,31.49,48,34.16,31,31.6
10,33.95,40,36.3,15,35.4
11,33.88,36,35.16,32,37.3
12,32.67,51,36.33,66,38.9
13,32.03,55,35.39,73,41.2
14,32.58,64,38.3,78,33.7
15,33.54,44,35.08,80,23.9
16,31.17,52,33.99,100,28.5
17,32.31,41,31.14,100,28.2
18,31.93,39,30.38,100,25.3
19,29.63,46,30.3,100,25
20,25.17,68,28.01,100,24
21,24.87,68,23.21,100,23.1
22,24.32,73,24.5,100,22.9
23,24.09,73,24.86,100,22.5
0,23.2,80,25.15,100,21.8
1,23.08,83,26.52,100,21.3
2,22.1,84,23,100,20.6
3,21.79,86,23.21,100,20.3
4,20.99,88,23.87,75,19.9
5,21.56,81,21.65,71,19.5
6,21.58,80,21.57,71,19.9
7,23.09,80,25.9,73,21
8,25,58,25.79,78,24
9,27.53,44,28.23,82,27.9
10,29.44,38,30.26,10,30.4
11,30.81,39,31.57,5,32.6
12,31.05,36,31.76,4,34.8
13,30.36,31,30.15,2,36.5
14,30.43,31,28.78,2,39
15,30.82,28,29,2,38
16,28.39,53,29.88,0,39.3
17,28.42,46,26.77,0,34.3
18,26.36,53,27.72,0,32
19,24.69,64,26.62,0,28.4
20,24.61,56,20.93,0,24.2
21,24.23,53,20.06,0,22.2
22,22.96,76,25.35,0,21.1
23,22.98,78,25.87,0,20.2
0,22.96,80,25.72,0,19.9
1,23.2,78,21.98,0,19.9
2,23.21,70,21.52,0,19.9
3,23.47,56,20.82,0,20.2
4,23.55,46,20.05,0,20.8
5,22.12,78,24.64,1,21.4
6,23.51,78,23.78,33,20.4
7,23.25,63,24.25,41,21.6
8,21.87,94,24.19,75,20.2
9,21.67,69,17.43,75,18.8
10,21.35,78,17.03,75,19.8
11,21.7,78,20.04,90,23.1
12,22.21,94,23.61,75,23.7
13,25.5,69,26.55,87,25
14,28.09,54,28.12,95,25.6
15,26.27,65,26.69,75,28.9
16,27.83,52,29.61,100,30.3
17,29.43,45,29.24,100,30.2
18,27.79,37,28.02,99,30.2
19,27.89,45,25.11,99,27.4
20,23.58,74,22.14,100,24.5
21,23.02,77,22.82,100,23.1
22,25.31,66,26.84,100,22.5
23,24.87,68,25.3,100,21.8
0,22.78,84,21.24,100,21.6
1,23.32,70,23.05,100,21.5
2,22.1,93,25.93,98,21.4
3,21.12,88,19.75,98,20.5
4,18.58,93,15.88,100,19
5,18.55,85,17.45,100,18.6
6,18.59,84,19.29,100,18.5
7,18.02,97,20.3,100,18.2
8,18.28,97,19.73,100,19
9,18.82,97,21.14,100,19.5
10,20.25,92,23.13,100,20.5
11,22.97,85,26.19,100,24
12,25.31,72,28.64,100,32
13,25.86,69,28.8,75,35.5
14,27.28,63,29.54,60,36.3
15,27.04,63,29.19,63,37.9
16,27.7,53,28.41,56,33.5
17,26.42,69,29.3,0,29.1
18,26.67,68,30.18,0,29.4
19,25.18,77,27.26,0,26.8
20,24.08,85,26.55,0,24.2
21,24.43,74,26.04,2,22.8
22,24.45,75,26.07,0,21.8
23,24.46,69,25.76,0,21.1
0,24.47,67,25.66,0,20.4
1,22.97,81,24.55,0,19.8
2,22.6,82,23.85,0,19.5
3,22.6,84,24.05,0,20.1
4,20.43,78,22.28,0,18.8
5,21.19,69,20.62,20,17.8
6,21.13,68,20.7,31,17.4
7,21.39,67,20.72,36,19.4
8,22.17,69,23.92,50,20.6
9,21.91,71,23.74,45,22
10,23.32,73,23.68,90,22
11,22.63,77,23.43,90,21.7
12,21.71,73,20.35,90,21.1
13,20.34,88,16.77,90,20.2
14,22.28,72,18.42,95,18.6
15,17.49,94,10.67,90,17.6
16,16.42,97,17.76,100,16.9
17,16.67,97,17.79,100,17.4
18,16.67,92,17.79,100,16.9
19,16.92,87,17.82,100,17
20,16.97,85,11.88,100,16.7
21,16.97,89,18.32,100,16.5
22,16.42,89,17.27,100,15.4
23,16.59,86,12.52,100,15.2
0,16.11,89,16.54,96,15.4
1,16.67,85,17.36,100,15.5
2,16.67,87,17.48,100,16
3,16.11,88,17.1,96,15.3
4,15,86,15.21,97,15.1
5,15,84,15.09,98,14.9
6,15,85,15.15,99,14.8
7,15.56,87,16,99,15.5
8,15.56,89,15.49,99,16.7
9,17.29,82,18,97,17.1
10,18.71,81,19.84,100,19.6
11,18.45,81,15.57,100,21.9
12,18.71,80,15.71,100,21.3
13,20.61,84,22.07,100,20.7
14,20,90,22.3,100,22.7
15,19.44,95,21.88,100,22.8
16,21.18,83,22.8,100,22.3
17,21.06,84,23.34,100,23
18,20.25,84,21.88,100,21.3
19,20.25,85,22.27,99,20
20,19.69,90,21.55,100,18.9
21,18.82,93,20.85,99,18.4
22,19.29,85,17.47,99,18.4
23,19.27,85,17.71,100,18.6
0,19.18,86,16.68,100,18.4
1,19.37,84,17.39,100,18.5
2,18.33,98,17.87,97,18.3
3,18.02,99,18.56,99,18.1
4,17.78,99,20.1,100,18
5,18.03,98,20.08,100,18.3
6,18.33,98,20.81,100,18.2
7,18.7,95,18.99,100,18.3
8,18.64,98,19.56,100,19.6
9,18.33,98,20.51,100,20.3
10,18.59,95,19.71,99,20.8
11,19.44,97,22.03,99,23.5
12,18.87,92,15.95,99,23.7
13,21.72,85,24.05,99,26.9
14,21.31,92,24.36,83,30.2
15,20.97,95,23.48,100,25.7
16,21.18,97,24.58,96,25
17,20.79,89,19.34,94,22.1
18,19.94,95,22.6,91,20.9
19,19.38,95,21.79,38,19.9
20,19.14,96,21.52,90,19.4
21,19.44,95,21.88,93,19.3
22,19.44,95,21.56,63,19.3
23,19.44,96,21.64,66,19.4
0,19.44,94,22.11,81,19.4
1,18.89,96,21.47,74,18.8
2,18.89,97,21.54,80,18.7
3,18.33,97,20.44,52,18.4
4,18.33,97,20.74,92,18.4
5,18.33,95,18.19,88,18.1
6,18.33,97,20.44,90,18.1
7,18.49,94,18.08,90,18.5
8,18.89,93,20.63,93,19.2
9,19.66,89,18.85,93,21.3
10,21.36,87,24.32,100,23.9
11,22.78,80,25.14,100,23
12,24.44,76,27.16,100,26.5
13,25,74,28.09,99,27.4
14,25.25,70,28.03,99,29.1
15,24.25,69,26.81,88,27.4
16,25,69,27.88,12,27.1
17,25,68,27.46,23,25.9
18,23.16,73,25.35,24,25.2
19,22.28,77,24.78,35,23.4
20,21.42,82,23.99,43,22.6
21,21.11,88,23.74,36,20.7
22,20.31,92,23.21,2,20.4
23,20,95,19.73,6,19.9
0,20,95,23,18,19.7
1,20,96,23.07,44,19.9
2,19.69,97,22.7,33,19.8
3,19.44,97,22.03,30,19.4
4,19.44,97,20.04,52,19.2
5,19.14,97,21.59,76,18.6
6,19.13,97,21.89,70,18.7
7,19.2,95,21.53,59,19.4
8,19.47,89,18.96,56,19.8
9,20.42,83,19.62,59,24.8
10,21.68,76,21.2,97,26.2
11,24.44,72,26.76,65,26.9
12,24.19,68,22.9,70,26
13,25.03,61,23.36,67,25.5
14,25.53,57,23.75,69,25.7
15,25.8,56,24.2,72,27.2
16,24.92,58,23.35,100,27.2
17,24.53,60,22.78,100,24.9
18,24.17,61,22.38,97,26.2
19,22.17,74,24.05,81,22.3
20,21.53,75,19.99,73,21.5
21,20.55,78,19.16,70,20.3
22,19.8,81,18.51,5,20.2
23,19.27,81,17.67,15,19.5
0,18.82,81,17.23,30,19
1,18.58,92,20.44,42,17.9
2,18.04,87,16.7,42,17.8
3,17.34,84,15.6,47,17.2
4,17.47,95,19.4,16,16.9
5,16.86,91,15.53,14,16.6
6,16.27,90,14.47,11,16.5
7,16.02,87,13.67,9,18
8,19.51,76,20.56,7,19.9
9,20.87,59,20.72,11,23.7
10,22.53,56,22.94,0,24.7
11,24.51,44,24.03,0,29.7
12,25.87,44,26.08,0,31
13,26.67,45,26.91,0,33.2
14,26.23,43,23.95,0,33.6
15,26.4,41,24.12,0,33.6
